-0.64901,0.69841,-0.30763,-1.1148,-1.2897,-1.1408,-1.0542,-0.37263,-0.3568,0.32947,-0.57302,0.40659,-1.1039,0.20659,-0.10697,0.09098,-1.6566,-1.9282,0.053618,1.7841,0.65376,0.84967,1.9674,2.5198,-0.35537,-1.088,-0.90545,0.76158,-0.80371,-0.6552
1.2708,0.69259,0.73712,0.08952,0.72754,1.1681,0.159,1.6359,1.3295,0.11415,0.57959,-0.17374,-0.22118,0.41953,-0.69467,-0.64666,-1.3378,-1.2626,0.17081,-1.1978,-1.0822,-0.56573,-1.5614,-0.55647,-2.0265,-0.84026,-0.051319,-1.1255,-0.98299,0.023192
-0.27646,-1.7469,-0.8382,-0.17404,-0.031975,0.35937,0.54589,1.3984,-0.20996,-1.6521,-0.11932,-0.34389,-1.2238,0.35098,-0.26402,0.64632,0.64984,1.5827,1.1784,1.1485,0.034137,-0.49842,1.1462,0.27088,0.27761,-1.2785,-0.13578,-0.17953,0.2851,-0.069719
-1.0854,0.9129,0.60923,-1.4893,-0.56184,-0.78568,-0.37711,1.106,0.1851,1.5529,1.093,-0.4036,1.4698,1.2744,1.2064,-0.66412,0.40747,0.70645,-0.44231,0.46722,0.68181,0.76925,0.95961,-0.13522,-1.1994,-1.2419,-1.892,-1.2852,0.086301,0.11484
0.31467,0.84133,-0.27322,-0.41863,0.03722,1.1528,0.71527,-1.4768,-0.12603,-0.96664,0.44177,-0.053845,1.2545,1.2327,0.75413,-0.44175,-0.90764,-2.2285,-3.1571,-3.0155,-2.3375,-0.97327,-0.29813,-0.86201,-1.3081,0.3984,0.33454,-0.17936,-0.47227,0.15193
-1.6646,-0.64619,0.15284,1.2822,0.10484,0.041508,0.69072,1.7563,-0.34292,-1.6847,-1.2513,-0.67769,0.041235,0.19488,-0.40771,0.45848,0.35115,-0.1474,0.017638,1.1092,0.98687,0.1496,-1.4754,-0.96882,-0.32988,-0.54096,0.1318,-0.9053,-0.76362,0.079147
-1.6435,-0.41741,-0.11162,1.2402,0.11219,-1.4325,-0.074512,0.90472,1.1077,1.9652,-0.20819,-1.0152,-0.094038,1.0114,2.5588,1.3786,0.931,1.1168,0.33302,0.144,0.15577,0.20271,1.7089,1.8074,0.58835,0.70293,-0.37522,-0.64109,-1.5233,-0.75795
-1.4048,1.5744,1.4969,-0.50156,-0.68356,-0.79035,-1.9564,-0.12219,-0.37352,0.79415,0.7513,1.085,0.81935,2.5011,1.1518,0.67811,1.2048,0.29266,0.098678,0.25845,-2.2395,-0.95217,-0.602,0.9587,0.13581,1.5652,1.0007,-0.035316,0.82787,0.52737
-0.36436,-0.26299,0.29269,1.36,0.44253,0.80654,0.56832,0.86471,0.6128,0.59035,-0.41774,0.07857,0.33712,0.49743,1.1918,1.4575,0.90939,0.10899,0.49271,0.13571,-0.15291,-0.14404,-0.34452,-0.43936,0.12783,-0.048166,1.1257,1.1438,-0.027153,-0.056201
-0.32673,0.099255,1.8306,2.3938,1.6392,0.65706,-0.18193,0.89914,0.56247,0.78913,0.48411,0.47115,0.28303,0.33313,0.24538,-0.0073153,-0.48975,-1.803,-1.3092,-1.4362,-0.24368,-0.75855,0.89886,0.88749,1.0436,0.63861,-0.60628,-0.44828,-0.62501,-1.4068
0.42039,-0.070673,1.1261,1.6141,0.37163,-0.78098,-1.189,-0.59542,-0.16478,-0.86525,-1.2452,-0.24686,-0.25607,0.22049,-0.45488,-1.9229,-0.9028,-0.49238,-0.84974,-0.028622,0.054368,0.44252,-1.8229,-0.52693,-0.54491,-0.18827,0.87131,-0.56639,-0.69517,0.10499
0.88714,0.4579,1.0106,1.5054,1.5083,0.34785,0.69053,1.0693,0.79837,1.3997,-0.66111,1.0867,1.0238,0.0049193,-0.4396,0.20689,-0.46018,0.5726,0.12339,0.33954,1.3998,-0.33065,-0.96938,0.64942,0.4246,2.6615,1.5681,0.88426,-0.48484,-0.85704
-1.5131,-1.7412,0.23115,-0.87521,-0.89328,0.9201,0.96117,0.98164,-0.74137,-0.53557,-0.10668,1.2318,0.02748,-0.44531,-0.967,0.64784,0.24916,-1.7377,-0.847,-1.407,-0.08432,-0.57636,-1.1156,-0.44042,0.33229,-0.15167,0.84337,0.47051,0.30923,1.7447
0.67536,-1.0011,-0.19427,-0.17719,0.46427,-0.51521,-1.0253,-1.5719,-0.94674,-1.9634,-0.85022,0.28201,0.64139,1.242,-0.074616,0.65432,0.054284,1.0543,0.60071,-0.93371,-1.7262,-2.43,-2.4819,-1.3605,-1.5511,-3.1427,-0.10567,-0.29826,0.82268,0.14551
-0.16853,-0.15468,-0.11,1.7562,0.52248,2.8226,-0.050036,0.22635,-1.1593,-0.19076,-1.5641,-0.72967,-1.3587,1.0475,1.3212,2.0659,0.61073,-0.73004,-1.5943,-0.39167,0.95591,2.4739,1.9743,1.4391,3.4919,1.4598,-0.046372,-0.88397,-2.0629,0.26574
-1.6324,-1.5539,0.1561,-0.30309,2.7306,1.4552,0.058083,0.61566,-0.29563,-0.21307,-0.084003,1.6948,-0.13087,0.50115,1.4796,0.024804,0.058394,-0.712,1.1752,0.74599,0.74627,0.17497,0.4287,-0.24107,-2.2397,-0.98539,-1.215,-0.53956,0.86706,0.31651
-1.41,-0.8459,1.4042,1.9687,1.776,2.1976,0.70546,-0.63402,-0.92799,-0.75073,-1.6924,-0.70307,-0.77404,0.12131,-0.72169,-0.039542,-1.1111,-0.36252,-0.53898,-1.15,-0.85732,-0.18314,-0.10159,-0.019386,-0.96085,-0.15507,0.069734,1.0218,1.9463,1.2661
-1.819,-1.6043,-1.2996,-0.85267,-0.69065,1.0745,-1.1058,0.58896,0.75552,0.89876,0.85398,0.60728,0.25376,-2.5277,-1.7943,-0.91113,0.21725,0.030678,-0.11352,-0.82559,-1.0849,0.0024715,-1.1383,0.20917,-0.61,-0.8034,-0.37977,0.29731,-0.000383,-0.56151
-0.15314,-0.061743,0.68603,0.9483,-0.39723,-2.1421,-0.98247,0.28975,-2.4582,-0.65819,0.32938,0.017537,0.62245,0.85574,-0.2334,0.91185,1.4639,1.1112,1.2176,0.75781,-0.17187,0.14238,0.55443,-0.0029516,0.20544,-0.47625,0.23141,-0.52077,0.27342,-0.061433
0.821,0.27607,-0.99499,0.1759,-0.93406,-0.21781,0.28019,-0.32415,-0.95966,-1.0744,-1.4836,-1.1653,-1.3783,-2.4487,-0.67094,0.64824,-0.35624,-1.0547,-1.4006,0.61705,0.88293,0.50314,-0.25456,0.75143,0.17917,0.64735,0.49764,0.22368,-0.74753,1.3441
-0.93956,-1.8636,-1.1222,-0.80132,-1.1629,-0.075746,-0.35305,0.18434,1.2066,-0.61253,0.078466,1.2871,0.93181,0.91277,0.25541,0.64935,0.85515,0.088083,0.65963,-1.3111,0.52077,-0.52925,-0.39422,-0.54451,-0.77245,1.3492,0.23322,0.19359,0.079737,-0.59932
-1.1522,-2.2628,-1.1086,-1.2695,-1.2566,-2.3092,-0.29937,-1.59,0.99189,-1.3072,-0.41701,-2.2668,-0.80478,-1.2609,-0.54886,0.28312,-0.5365,-0.13954,-0.86719,0.59795,1.1485,-0.052263,1.9955,-1.2117,0.17576,0.28458,-0.1619,0.37585,0.94556,3.1298
-0.61888,0.34659,1.0641,0.57782,0.47152,1.2338,0.31182,0.6024,1.1345,0.90252,0.25624,0.34413,-1.4872,-0.1277,1.2897,-0.069968,-0.527,-0.89022,-1.3189,-0.026821,0.060383,-0.34044,-0.68668,-0.98905,0.062232,-0.13616,-0.17699,-0.15246,0.89558,0.22874
-0.39501,0.14362,-0.51582,-0.40144,-0.64166,0.10279,1.1133,0.42484,0.93899,0.41198,0.96985,-0.047246,-0.12165,0.59063,0.73028,1.8993,0.97191,0.48146,1.1365,-0.81961,-0.13057,1.937,0.99094,0.053821,1.2311,-0.64675,0.25367,0.32145,1.9783,1.4044
0.65031,-1.1697,0.80395,-0.071029,-0.47746,1.5788,1.6743,0.66047,-0.66479,0.58327,0.23041,-1.3238,0.83238,1.2659,0.617,1.4345,0.47301,0.44649,-0.013657,0.009122,-1.3269,1.5374,0.39979,-0.93037,-0.99142,-2.1255,-0.72577,-0.33884,-0.15673,1.2005
0.2532,0.69254,0.20331,0.56612,-0.20127,-0.47442,-1.8574,-1.3385,-1.7042,-1.1073,0.062887,-0.24324,1.0437,0.8956,0.19646,0.79519,0.70027,-0.23438,0.88723,0.41037,-0.22586,-0.25622,0.092964,-0.39868,0.70979,0.097675,0.22858,0.10018,0.81686,1.8809
-1.692,-0.68398,0.78335,0.23809,1.2162,0.051304,0.53572,0.69371,0.071639,-0.89979,-0.65488,0.57107,-0.15239,0.91908,-0.97662,-1.0586,-1.5467,-0.42174,0.27511,0.79892,0.18187,0.59347,-0.44778,-0.4332,-0.42045,-0.65923,-1.1521,-0.36857,0.29959,0.4532
0.27518,-0.79917,-1.7286,-0.84334,0.93922,-1.2955,-0.82548,-0.56778,-0.29282,-1.2241,-1.2221,-1.5587,0.19847,1.0678,0.33883,0.23165,-1.0786,-0.5134,-0.60093,1.1647,1.2363,1.0718,0.1251,0.045448,2.7403,2.7148,1.4115,1.0922,0.73327,0.22373
-0.26118,-0.019398,0.72023,1.022,0.70177,1.2521,-0.52125,0.28974,-1.3078,-0.92617,-0.98007,-0.12841,-2.06,-1.7012,-2.2542,-0.75675,-0.17394,-0.24204,-0.29981,0.90566,0.41893,0.27773,-0.45359,-0.13308,-0.23382,-0.27438,-0.48393,-0.42352,-0.30162,1.0017
-0.54198,0.57695,0.5271,1.5185,0.4934,-0.38265,0.91621,-1.9358,-1.4599,1.6631,0.88407,-1.3449,-0.64593,-0.040384,0.61327,1.48,0.55352,0.74138,0.86812,0.42071,0.26228,-0.66358,-0.78584,-1.3026,-0.38623,-0.24299,-0.27549,1.1456,0.6867,0.29829
-0.55009,-1.7767,-1.2239,-2.6602,-1.8248,-0.90369,0.63564,-0.39298,0.068046,0.033998,-1.9262,-2.5768,-1.4578,0.33261,-0.35638,0.40915,-0.42444,-1.1412,-1.6986,-1.0482,-1.0928,-0.21597,-1.3627,-1.5284,-1.8245,-1.845,-0.38247,-0.58779,-0.78039,-0.27224
1.0215,2.1875,2.4459,2.3999,-0.41498,-1.6945,-0.90084,-1.0612,0.42846,0.17546,0.19039,0.85575,0.35864,0.6904,-0.13522,-0.6008,-0.89712,-0.34764,-0.91479,0.23275,-2.0177,-1.4199,-0.22232,-0.58998,-0.5504,-0.16699,0.010966,-0.96432,-0.072574,1.5041
0.80002,-0.16985,0.0084754,-0.44376,-0.11809,1.6132,0.34527,0.97157,-0.41206,0.036152,-0.43495,0.25561,0.73864,0.77502,0.30089,-0.77438,-2.6291,-1.7032,-2.0989,-0.23992,0.20565,-0.11478,0.3729,0.26671,-1.5678,-1.1313,-1.513,-1.3439,-2.3781,-0.92298
0.04692,0.21041,-0.1003,1.3927,0.50323,-0.93561,0.27361,0.76201,0.99839,1.0573,-0.59239,-1.0132,-0.9957,-0.69614,0.393,-0.93086,-0.52943,-2.1679,-0.33569,0.39103,-0.83848,-0.44946,-0.84202,1.8471,3.3438,2.2167,2.6895,1.2138,1.5586,0.47562
-1.1811,0.80696,0.7603,-0.78711,0.80627,1.0098,0.78391,0.54293,-0.36404,0.015166,1.0445,-0.7217,-1.7202,0.13279,0.45987,0.35306,-0.51666,-1.2603,0.15618,-0.19803,-1.283,-0.15973,-0.6913,0.64964,1.5197,0.74436,0.60428,0.33128,0.50198,0.84777
-0.8786,0.48754,0.38659,-1.0062,-1.3612,-0.35288,-1.3018,-1.5026,-1.6229,0.56108,0.69933,1.1807,0.11754,0.28862,0.43622,0.54369,-0.63685,0.6116,1.5188,0.82704,-0.54871,0.5309,-0.95298,-0.90123,0.23914,0.39732,1.7792,0.99855,1.6106,1.6196
-0.91269,-0.92212,-0.2246,-0.27587,-1.9046,-0.48126,-1.0972,-1.7486,0.039644,-1.5072,-1.5453,-2.9948,-0.26132,-0.045257,-0.60405,0.44336,0.25034,-0.028838,0.39355,-0.42216,-1.0991,-1.0962,-0.86922,0.0015768,0.29054,-0.90342,1.456,1.3685,1.1268,1.0913
-1.2498,-0.68524,-0.51121,0.097815,-0.064743,0.26646,0.62484,0.90378,0.65963,-1.8792,-0.54512,0.68275,1.6061,-0.19104,-1.0736,-0.90863,-0.95276,0.51099,0.49775,0.92205,0.40294,-0.77523,-2.3174,-1.6597,-2.2512,-0.45276,0.096348,0.61463,0.29174,-0.51587
-0.63058,-0.42195,-0.87209,-1.6757,0.10811,0.89813,-0.026155,0.5593,0.041739,1.356,1.0682,0.84787,-0.27805,-0.0030846,0.40912,-0.30945,1.3845,2.3378,0.53671,0.75951,1.9172,-0.15483,1.4379,-0.3708,0.67151,0.57732,-0.11436,-0.48027,0.33648,0.53034
1.4626,1.0216,2.5919,1.6369,-0.45162,-0.33497,-0.82859,1.4226,0.35055,2.1361,1.1393,0.11934,-0.96289,-1.0302,-2.3787,-0.84105,-0.58944,1.6372,2.897,0.84888,0.28394,0.092126,0.19679,0.48366,0.20486,-0.069251,-0.35272,1.093,-1.0009,0.44658
-0.8563,0.53019,0.013491,1.279,-0.11019,-1.2713,0.098693,0.1338,-0.22162,-0.97133,-1.476,-0.15834,1.2801,1.028,0.47188,2.0196,0.99869,0.25094,-0.32606,2.2092,0.69087,0.3419,0.028154,1.056,0.2528,-0.22535,0.43554,-0.21268,-0.73697,0.7137
0.92506,0.63321,-0.24733,0.3436,0.69366,-0.14046,-0.9512,1.6498,0.72724,1.2409,-0.39442,0.28206,0.017296,-0.15336,-1.0562,-1.257,-0.27092,0.098813,1.0123,-1.5879,0.059087,0.032942,-0.78386,-0.77174,-1.088,0.6262,0.88798,1.4624,0.37852,0.86605
0.16296,1.0677,0.49718,0.63173,0.87593,-0.0098186,0.051066,-0.2408,0.18074,0.96141,0.30056,-0.36709,1.2375,0.8154,0.081189,0.41137,0.091328,-0.72208,-0.51751,-0.46681,-1.0442,0.63024,0.69671,0.58817,0.95292,0.59507,0.77024,1.8293,2.4193,0.12312
-1.2945,-1.483,-0.33501,-1.6413,-2.3654,-1.1765,-2.3325,-1.4926,-0.64617,-0.44494,-0.10118,0.063023,-0.32128,0.44071,0.67624,0.63334,0.37893,-0.18961,0.26532,1.6007,1.1183,1.9437,0.79188,0.81896,-0.31932,0.06384,0.061845,-2.6111,-1.2577,0.27394
-1.4335,-0.53716,0.46186,0.77071,0.962,-1.032,-1.1148,0.32713,1.3428,0.91458,1.6475,2.0372,2.6621,3.2509,-0.66821,-1.384,-1.3677,0.16838,-0.64229,0.47249,1.096,0.52264,-0.049056,-0.412,-0.48775,0.9734,1.3251,-0.048924,-1.5837,0.76593
0.75941,0.09848,1.2163,0.46011,-0.023,1.712,2.4416,1.2824,1.7012,2.5033,1.2969,0.37234,0.79606,0.31614,0.52386,1.636,1.7617,0.38586,-2.4084,-1.7733,-0.7893,-0.75527,0.16137,1.3637,-0.043711,1.5931,2.5307,3.4188,0.47501,-0.66907
-2.5007,-1.6767,-1.9011,-1.2623,-1.2404,0.83044,0.37648,-0.46022,-0.22254,0.56062,-0.6631,0.30964,1.4756,0.98131,1.9789,0.41825,0.076009,-1.7212,-1.2163,0.71241,-0.18641,1.1288,1.654,2.2195,-0.12519,0.80598,0.69873,-0.47543,-1.0822,-1.4176
-0.095074,-2.1949,-1.6648,-1.7254,-0.17336,0.09242,1.567,0.10742,0.3923,-0.61286,-0.25595,0.39707,1.9709,-0.060404,-0.51519,-0.70133,-2.2912,-3.6727,-1.8484,-1.7988,-1.3987,-0.26311,-0.54213,-0.77084,-0.14569,-0.30877,0.37706,0.17767,0.15486,-0.24413
-0.50087,-0.83421,0.3424,1.1459,2.3574,-0.052679,0.94417,1.6411,0.30531,-0.75463,-0.11197,-1.1402,-0.74527,-1.1144,0.32628,0.14554,1.6497,1.6151,0.75609,1.3592,0.095524,0.23674,0.85047,0.12849,-1.9454,-0.98085,-0.53897,-0.070184,-1.1869,-1.2421
-1.6757,-0.29265,0.47935,-0.44478,0.26902,-0.68274,-2.5026,-2.4012,-0.038296,0.83767,-0.14406,1.3057,1.4777,0.44084,0.093265,0.40424,-1.1512,-1.2051,-1.4178,-1.5373,-0.35527,-0.08748,-0.42218,0.10962,-0.73466,-1.6835,-0.9447,-1.4833,-1.6406,-0.02197
-1.4819,0.036297,-0.55601,-2.3765,-0.99185,0.5156,1.9313,0.35001,-0.90105,-0.066268,0.70588,1.6701,1.1275,1.5067,1.6158,0.62203,0.55567,0.28805,0.64333,0.64458,0.34344,1.104,0.56127,0.80263,-0.10024,-1.5876,0.3247,0.74948,-0.56029,-0.18337
1.1091,0.18464,-0.99568,-0.21563,-1.0041,-0.067956,0.14168,0.77872,-1.0975,-1.8895,-0.60612,-0.75556,-1.4997,-1.1517,-0.089362,-0.47124,1.3483,1.5512,3.0324,1.8716,0.63227,0.84789,-0.22841,-0.45684,-0.17593,0.24636,1.8501,-0.3619,0.6074,1.7509
0.29138,1.3393,-0.083187,1.1799,0.030652,1.1097,-1.2087,-1.6682,1.4931,1.1059,0.27043,-0.66369,-0.075589,-1.5183,-1.2491,-1.3617,-0.25802,0.31204,0.5603,1.6241,1.31,0.91954,0.22455,1.5298,-0.030381,1.4983,0.33018,0.28669,0.65787,-0.24909
-1.3845,-0.66775,0.23884,1.0496,0.3032,1.369,0.6435,0.73172,0.53381,-1.3581,-1.6143,0.72283,0.78591,0.89737,-0.027971,0.096211,0.51482,0.39848,-0.37378,-0.4548,-1.9336,1.2207,2.8699,-0.66027,0.20636,-0.29531,0.18151,-0.16768,0.19496,-0.42126
-0.71976,0.92885,1.6989,1.1801,0.026167,1.1765,0.73388,1.0083,-0.2932,1.1317,0.22863,0.41999,0.62617,0.76696,-0.19201,0.53754,1.114,0.75494,-0.88281,-1.4944,-1.3934,-1.7706,-2.3637,-0.73465,-1.7725,-2.1652,-0.49705,1.2655,0.86897,2.363
-0.93069,1.2441,-0.23855,0.5576,1.1195,0.9135,0.42982,2.0619,0.43219,2.3162,1.489,2.1164,-0.21775,0.40354,0.38308,0.16104,-0.93151,-1.3459,-1.4213,-1.6956,0.24925,0.1292,-1.6134,0.53225,0.36,1.2814,0.68253,0.15391,1.2062,-0.38654
1.3113,2.4324,0.994,-0.4957,0.50667,-0.61821,1.1914,0.17156,-0.41946,0.74163,2.4186,1.3644,1.7659,0.51997,1.7919,0.40278,-0.6328,1.3556,0.57383,0.99057,0.82229,0.82598,-0.63472,1.8855,2.0579,1.1539,1.8993,0.077882,0.22206,-0.16309
0.30473,-0.53141,0.93889,-0.65447,-1.3267,-1.8882,-1.3525,-0.9107,1.0789,-0.12036,0.34091,0.2079,-0.13187,-0.64279,-1.0448,-1.7035,-0.50602,-0.16355,-0.20377,0.59517,-0.31106,1.2655,1.104,1.2596,0.20272,-0.2825,-0.23855,1.2431,1.4017,0.66282
0.33622,1.1445,1.8693,1.3994,1.5483,0.633,1.0828,0.82569,0.48341,1.665,1.08,1.4304,-1.1124,-0.42243,0.26622,1.5304,0.49806,1.7575,0.33802,-0.65441,0.39569,1.1477,2.1407,-0.02395,-0.2884,-1.3211,-1.0812,0.35257,0.96983,0.36787
-0.3111,0.19812,0.16262,0.21522,0.27252,-0.040641,0.59485,-0.39369,0.16308,0.90064,-1.6097,0.1668,-1.4145,-0.5702,0.017014,-0.47618,1.1082,0.96255,0.17418,0.78964,-0.73442,-0.16503,-2.0405,-0.86861,-1.6726,-0.49264,0.16621,0.12808,0.46273,0.66761
0.87404,0.5649,0.14308,-0.22279,0.41042,0.36817,-0.68358,-0.19067,0.72727,-0.45571,0.5826,1.1731,0.58565,-0.42879,-0.75891,0.5774,-0.79641,-0.57341,-0.03555,-0.66081,-0.23366,0.34505,-0.18181,-0.13104,-0.081394,1.0095,0.88424,0.31224,0.8282,0.34918
0.067911,0.3471,-0.66677,0.27088,0.57661,1.6054,-0.74783,-0.50116,1.324,1.0389,1.5249,0.51107,0.86034,1.8626,-0.42455,0.50154,1.0535,-0.051542,-1.0343,-1.6124,0.57346,-1.0184,0.72919,1.6008,-0.024096,-0.41256,1.4098,0.96161,0.35331,0.20148
0.2411,-0.06465,-0.88724,-1.5581,-2.1222,-3.037,-1.3477,0.23457,-0.3793,-0.95675,-0.63864,-0.10287,-0.28194,0.078817,3.0326,2.5617,1.6148,0.75965,0.71472,-0.40957,1.81,0.013644,0.87373,1.0199,1.3294,-0.064692,-1.2368,-0.87413,0.358,0.068992
1.2318,0.51168,0.47149,1.531,1.2933,-0.1173,-0.16076,-0.69742,-0.27965,-0.49536,-1.3061,-0.083531,0.30488,1.3785,-0.064064,0.59441,1.3243,1.0161,-0.62833,-0.83464,-0.48277,-0.11968,-0.13167,-0.16725,0.084826,1.1432,1.3549,1.0487,0.75839,1.6516
0.2742,0.45967,-0.46978,0.54773,-1.1284,-2.2939,-2.5709,-1.0433,-0.96778,-0.92136,-2.1051,-2.0134,-0.26783,-0.097748,-1.1179,-0.46634,1.5523,2.6347,1.1489,0.35562,0.89236,-0.40913,-0.40193,-1.2007,-0.19245,-0.29903,0.019169,1.119,0.98292,0.32143
-0.69716,0.47963,-1.3907,0.3369,0.41353,1.3138,0.87804,-0.31224,-0.71513,-0.3191,1.7955,-0.38755,-0.15545,-0.32394,1.3445,1.6748,0.62237,-0.18185,-2.14,-2.0943,-1.449,-0.58692,0.54245,-0.46295,1.7916,1.3829,1.9604,3.6772,1.6606,0.85814
0.077148,-0.38768,-1.0594,-0.92677,0.22333,0.59669,0.97703,0.56354,-0.51502,-0.08167,-0.35873,-0.68206,0.33691,-0.030319,-0.13717,0.82333,1.0599,-0.50745,-1.3093,-1.3147,-1.8047,-0.91627,0.73553,1.106,0.67735,-0.75341,-1.761,-0.1627,-1.1584,-0.45399
1.2098,0.096057,-1.4495,-2.0536,-1.5239,0.31027,-0.71205,-1.5332,-2.8975,-0.63738,-0.79968,-0.68093,-1.572,-1.0421,-0.69917,-0.40229,-0.39554,-1.306,-0.31628,-0.54579,-0.47245,-0.86424,-0.79688,-0.01212,0.050327,-0.25928,-0.22583,-0.9699,-0.043693,-0.65477
2.2249,1.1346,0.56928,-0.47004,-0.54342,-0.35805,1.3419,-0.035408,-0.70123,0.32299,0.94947,0.035055,-0.78878,-0.62847,0.026013,1.4987,2.6232,1.5314,0.24628,0.42427,1.2674,-0.26058,-0.6744,0.90817,-0.17981,0.55525,-1.0504,0.087501,-0.5912,1.0986
-0.42309,-0.2622,1.7904,0.50263,-0.68473,0.026081,0.36115,-0.8219,-0.54374,0.42399,0.94193,0.86963,0.86085,1.0247,1.265,0.74424,1.349,-0.3075,-0.32934,-0.69182,-0.45102,-0.232,0.44544,0.21734,0.30941,0.56796,0.13712,-1.0522,-0.96766,-1.0347
-0.57494,-0.20824,0.17034,0.085287,-0.49245,0.18134,-0.9621,-3.0303,-1.5579,-0.20291,-1.7532,-2.1074,-1.3622,-0.26052,-1.4168,-2.0514,-1.1289,0.15935,0.59221,-0.43468,0.080762,-0.15377,0.60391,-0.40026,-0.11953,-1.8107,-1.7074,-0.89825,-1.5179,-0.41681
0.065906,0.53693,0.038777,2.5445,1.3466,0.65728,1.1472,0.78434,0.080788,0.010389,-1.5748,-1.1204,-1.6023,-0.91403,-1.3165,-0.62582,-1.7552,-0.70517,-0.74558,-0.25433,0.80993,0.2142,0.30146,-0.41885,1.7978,1.6892,0.19778,0.094359,0.91642,1.0703
0.9342,0.34799,0.79965,2.6022,1.1438,0.66955,-0.11704,-0.20862,-0.22788,1.3469,-0.29869,0.99449,0.70836,0.61765,-0.30124,-1.6873,-1.2968,-1.5225,-0.41463,0.99197,0.66309,0.43229,0.42045,-0.27441,-0.43893,0.12847,0.72776,-0.19878,-0.6369,0.19114
-0.36045,-1.6455,-1.9961,-1.1122,-0.28755,0.84953,0.80764,-0.097712,0.82806,-0.22218,-0.24792,-0.3844,-0.4817,-1.3636,-0.87024,-1.3526,0.024022,0.022277,0.92913,1.4076,0.54425,1.0135,0.95185,-0.36572,-0.097622,0.53335,-0.26253,-1.7809,-1.4609,0.086779
1.2567,1.1359,-0.88519,0.18247,0.15622,0.81068,0.97387,0.84565,1.5829,1.4196,1.2406,1.1045,1.514,0.22716,-0.71829,0.73661,0.4881,0.4245,0.58444,-1.0418,0.69808,-2.0915,-0.41179,-0.11481,0.90275,-0.084977,-0.55347,-0.2538,0.53267,0.38338
0.52331,0.093853,1.41,1.3845,0.22832,0.46893,0.46682,0.96255,-0.37156,-1.0315,-1.065,-1.1249,0.11431,-1.1667,-0.25473,-0.028148,-0.23829,-1.6825,-0.43684,-0.66648,-0.73735,-0.7612,0.064116,-1.2088,-0.42349,-2.6098,0.81189,0.5626,-0.33762,-1.5827
0.7269,1.7009,-0.38161,0.25713,-0.10408,1.3668,1.6614,1.3596,1.5086,-0.37492,0.11219,0.73476,0.81956,0.50414,0.80847,0.99647,-0.93283,-0.28233,-1.0002,0.40223,-0.70405,-1.225,-1.4416,-0.92059,-0.26628,0.035123,1.8508,0.39731,0.086057,0.39869
0.24326,0.73449,-0.58333,-0.32768,0.2196,-1.0474,-1.2883,-2.3259,-1.2565,-2.2681,-0.70503,-1.1523,-1.1718,-0.71365,-1.7633,-1.9026,-2.7307,-0.55709,-0.091005,-0.41821,-0.51673,-0.40249,0.85468,0.05825,0.38532,0.52909,-1.0148,-0.4901,0.48674,-0.92132
0.46183,-2.1448,-2.0272,-2.057,-1.1072,0.28174,-0.16372,-1.0589,-0.00092263,0.022527,-0.59338,0.94009,2.1948,0.33986,-0.1235,0.078384,1.6013,0.29612,0.39972,-0.39642,-0.44346,1.0031,-0.38812,-1.2277,-0.54319,-1.898,-1.4597,-1.1567,-1.0509,-0.10904
-1.8377,-1.2789,-0.05824,-1.1805,-0.20799,0.12316,-1.1121,-1.3988,-0.29031,-0.27966,-0.20348,0.67309,-1.4809,1.0201,0.090282,-0.90372,-0.56457,-0.060762,-0.27718,-0.46609,-0.14235,0.80429,0.19755,1.3838,1.0793,-0.33266,-0.77581,-0.72433,-0.11,0.8637
2.2785,0.71511,0.30056,0.48204,0.33054,-0.21968,-0.86139,0.089288,-1.0026,0.94743,2.0785,1.6861,0.82274,0.97175,0.095713,0.43971,0.50131,-0.30286,-0.65098,-0.72218,-0.53457,-0.15148,-1.8408,-0.62715,-1.1935,-0.70171,-0.57679,-0.79134,-0.67622,-1.5825
-1.3496,-0.41038,0.089784,-0.47959,-0.8709,-1.4681,1.5063,0.21779,0.2151,0.19595,-0.39208,-0.61459,1.6483,1.0007,1.0568,0.50465,0.57745,0.50697,-0.73642,-0.93521,-0.57236,-0.50261,-0.65511,-1.369,0.5404,0.0014564,-0.6082,-0.54935,0.24045,-1.1827
-0.90746,0.3577,0.75291,0.86508,1.1622,-1.6623,-0.51352,0.90232,-0.5486,-0.73018,-0.28462,-0.59043,0.093092,-2.1167,-2.6191,-0.93379,0.72971,1.637,2.0578,0.19485,-1.2883,-1.7516,-0.77012,0.15441,0.17136,0.87841,0.01109,0.81057,-0.94473,-1.7633
-0.33515,-0.037043,2.7938,0.94998,0.14432,-0.15748,-0.63558,-1.3494,-0.63124,-0.75934,1.0014,1.248,1.7934,-0.39141,-0.052218,-1.6191,0.084087,-1.502,-1.5685,-1.0321,-0.78219,-1.1253,-1.5663,-1.4667,-1.2132,2.0866,-0.22953,0.91134,-0.55414,-1.5077
-0.54912,-0.78838,-0.49861,0.87211,0.90772,0.13009,0.016116,0.94615,1.1112,-0.027723,-0.61548,0.77683,-0.11298,-0.12362,-0.63041,1.4026,0.70559,0.38515,-0.59479,-0.26619,-0.42603,-1.045,-1.8991,-0.89696,0.71972,1.4647,0.72945,0.74665,0.22539,-0.71432
-1.4385,-0.16073,0.93231,-0.65889,-0.57688,0.061343,-0.58825,0.070348,0.56499,0.64465,1.3061,1.8015,0.98873,1.6902,0.7561,0.72958,1.4214,1.1608,-0.091951,0.27865,-0.39215,-0.79987,-0.072164,-1.6604,-0.84689,0.4226,-0.030818,-1.5028,-0.84608,0.5866
0.66508,0.62178,-0.58459,-1.0501,-0.55731,1.557,-0.050148,0.27904,0.10852,-1.549,0.93775,-0.038061,0.53437,0.85998,0.58716,0.68005,-0.37844,-0.72477,0.00077181,-0.2813,0.32865,1.4528,-0.23899,1.1811,0.45684,2.1289,1.3288,1.687,0.87968,0.48377
-0.74335,-0.83738,-1.0181,-1.6126,-3.3012,-2.4478,-2.0959,0.16839,-1.573,-1.6271,-0.33261,1.0965,0.16831,-1.1441,-0.044974,0.38579,-0.16165,-0.12686,0.35375,-0.089241,0.63683,1.3889,1.3188,0.056284,2.0395,0.96043,0.72753,0.73676,1.0868,-0.010673
-0.16055,0.8554,1.0139,1.3776,2.2027,0.22855,-0.7123,0.042621,0.75086,0.60296,0.84687,-0.090824,-0.60859,-0.31175,-0.43262,-0.11772,0.26579,-0.91125,-0.48968,1.5257,0.22865,-1.1104,-0.17006,-0.066562,-0.87654,1.7416,0.79414,1.137,0.063308,-1.3753
-0.55072,-0.57666,0.58735,-0.31695,-0.37086,0.50368,0.43592,-0.34176,-1.4353,0.19814,1.0271,1.4575,1.5899,1.6254,1.5058,-0.15547,-0.52752,0.16019,1.4573,1.2636,-0.13503,0.69066,1.6186,0.36769,-0.68003,-0.8251,0.29654,1.2493,0.96295,-0.81576
-0.30168,-1.2794,1.1033,1.5495,0.80409,0.23452,-0.90527,-0.82197,-1.6948,-0.18513,-0.026159,-0.98338,-1.4046,-1.3032,-0.85582,-0.93573,-1.1208,-0.24094,-1.3514,-0.73978,1.0959,0.90163,-0.40337,-1.6934,-1.3151,-0.16128,-1.2977,0.19835,-0.85179,-2.328
1.1902,1.8284,-0.54819,-0.77442,0.89624,-0.31891,-1.0904,-0.11374,1.1147,-0.44249,-0.18695,0.38078,-1.3477,-1.7167,1.0602,-0.091106,-1.1165,-0.34702,-0.32504,-1.554,-0.49669,-0.6422,-0.8482,0.61518,-1.5191,-0.060354,0.72165,1.7648,-0.55762,-0.87468
-1.233,0.757,1.8097,1.1016,-0.18066,-1.2684,-0.52162,-0.70602,-0.86574,-1.3001,-1.7865,-0.98539,-0.47653,-0.20801,0.66394,0.9388,0.97574,0.72775,0.29758,1.0808,1.2949,-0.088681,1.106,-0.90606,-0.28918,0.092061,1.4902,0.41651,-1.0081,-0.23244
-2.5243,-1.3788,0.65872,0.51215,-0.35261,0.8626,1.9033,1.4313,0.072357,0.032452,2.2342,1.5329,1.093,0.89414,-0.11715,-0.82096,0.090829,-0.32626,-0.4436,0.29181,0.83985,-0.33204,0.47374,-0.17399,0.13445,1.3406,0.80463,0.33238,0.55829,0.28246
-0.090828,0.43338,1.9061,0.90061,-0.53466,-0.16665,-0.56423,-1.3137,0.55423,-1.1611,-0.28449,-0.15949,-0.96992,-0.94704,-2.228,-0.94579,0.64687,-0.91941,-1.9672,-0.95778,0.15844,0.6759,-0.037887,-0.87842,-0.77,-0.64557,1.6583,0.50401,-0.63661,-0.23193
1.2995,1.505,1.0549,0.45871,0.72463,-0.7491,-0.66742,0.13327,2.5394,0.36336,-0.024826,-2.4267,-1.2846,-1.6495,0.1332,0.52631,-1.6744,-1.7288,0.7527,0.144,0.16201,1.1189,1.8117,0.66294,-0.30166,-0.034649,-0.343,-1.8046,-0.52972,-0.76194
0.27993,0.41323,0.77857,0.53941,-0.24309,-1.5631,-1.5099,-1.144,0.031582,0.69737,-0.34368,-1.6632,-1.597,-0.69527,-0.012187,0.043756,-0.39611,0.065437,-0.33055,-0.015229,1.3022,1.1454,0.779,0.15545,0.8123,2.1535,2.1453,1.2115,0.26457,-0.62622
-0.28587,-0.62381,-0.47129,-0.11744,-0.90895,-1.3532,-1.0804,-1.1125,-0.56519,-0.29032,1.0632,1.4574,0.58879,1.4508,-0.11329,0.12492,-0.092357,1.7452,2.2765,0.18783,-0.097753,-0.78778,-0.33357,0.30923,-1.7249,-1.9815,-0.43296,0.98733,0.74354,0.86835
-0.43852,0.81485,1.023,0.74677,-0.43412,0.51054,1.193,1.2223,1.6367,0.3728,0.79412,-0.15697,0.6313,-1.3308,-0.13744,-0.091871,-1.1905,0.20543,-0.33397,1.4907,0.1179,1.1384,1.5794,0.16453,2.5376,2.7683,1.246,-0.0098997,-1.0955,0.8823
-1.0177,1.5729,0.65897,1.2376,1.8715,-0.22909,-0.039325,0.40741,-0.18466,-2.0196,-1.8134,0.41985,-1.6522,-2.4146,-0.86523,-0.39362,-0.20124,-0.49117,0.014008,0.79036,-0.1798,1.2378,0.38023,0.19446,0.4662,-0.63344,0.50532,0.72429,0.55858,-0.65675
0.90001,0.078848,0.81837,-1.5462,-1.2882,-0.49303,0.2957,0.12891,1.7201,2.7433,1.3137,1.3885,0.67723,1.0916,-0.64248,-1.2507,0.35033,1.0692,0.068936,0.33841,-0.20775,-0.65718,-0.49787,-0.80505,-2.2351,-1.2437,-0.17212,0.25564,0.29117,-0.18442
-0.5688,0.84865,0.63914,-0.38535,-0.49111,0.35982,-0.42666,-1.2454,-1.5547,0.12758,0.35824,0.086271,0.75613,0.4398,-0.0078438,-1.544,-0.46372,-0.51847,-0.083385,2.4583,0.34389,1.2033,1.158,-0.39959,0.73284,1.5998,1.0182,1.0194,-0.66716,0.72173
-0.2634,-2.5183,-0.70178,0.57775,1.8982,-0.64773,-2.1591,-0.96376,-0.59809,0.44055,1.5817,1.7718,1.4726,2.4004,0.55247,-1.3914,-0.10308,-0.64103,-0.4965,0.063361,0.070863,-0.22366,-1.3719,-0.63,-1.4529,0.29344,0.61381,-1.2915,0.4791,1.1639
-1.4212,-1.577,-0.83361,-0.82234,-0.24333,0.22854,0.68997,-0.89188,0.91037,-0.13827,1.3714,1.5259,0.88674,0.60047,-0.46129,-0.68279,-1.7862,-1.4838,-1.634,-0.79873,-0.0080232,-1.3174,-0.97223,-1.7371,-0.84788,-0.083683,0.2531,1.068,0.25146,0.37079
-0.88148,-2.0415,-1.3277,-2.7137,0.20193,0.74569,-1.1539,-0.30467,-0.47311,1.2137,0.58649,1.3107,0.51685,-0.19301,-0.70382,-1.9374,-1.3045,-0.55938,-0.36127,1.0477,-0.064455,-0.60044,-1.2797,-0.4265,-0.886,-1.3235,0.33325,-0.12414,0.25373,-1.1195
-0.87496,-2.2063,-0.36019,-1.6847,-0.79483,-2.5773,-1.8408,0.10606,0.26843,1.4001,0.99787,-1.0966,-0.75402,-1.338,-0.94728,-0.56348,-0.12072,-0.27023,-0.049866,-0.18387,-0.079355,-0.80919,-2.1032,-0.37478,-0.38603,0.076999,0.20493,1.5869,1.5595,0.64431
-0.52667,-0.0022769,0.46399,0.51343,1.3307,1.7964,1.3378,1.0577,-0.17817,0.78139,1.1138,2.2877,2.1502,1.3449,-0.33702,-0.49464,1.5929,2.1421,1.2722,0.66352,0.026994,0.11261,0.30384,-1.502,0.024827,-1.3772,-1.8657,-1.0352,-0.12869,-1.4708
-1.8637,0.53916,0.89206,1.7998,0.81469,0.17451,-0.25206,0.0048236,0.17593,0.97395,0.78286,0.59911,-0.096624,-0.70442,-0.85607,-0.80435,0.075258,0.49367,0.31589,-0.38935,-1.9522,-0.49618,1.5217,-1.33,-1.0191,0.28155,0.60845,0.026127,0.1901,0.43001
0.78323,0.35379,0.09294,-0.39493,-0.69429,-1.5136,-0.20372,0.26807,0.59084,-0.96212,-0.61134,-0.95626,-0.40032,2.1189,1.0587,0.44791,1.3101,1.603,0.30462,1.5225,2.069,0.11949,0.13257,0.57007,-0.0036929,-0.077353,0.63445,-0.80332,-0.79077,-0.14185
-0.91703,0.93477,0.89858,1.4371,0.7585,-0.75673,1.3495,1.1579,0.71856,1.3511,3.0913,1.6486,1.1094,2.3608,1.4124,-1.282,-0.34825,-0.054586,-0.38923,-2.107,-0.35066,1.024,1.3798,-0.57399,-0.95627,0.45694,-0.01254,-0.37639,-2.0571,-2.1403
-1.499,-1.0762,0.14347,0.9059,1.5771,0.62363,0.66263,0.2854,-1.8604,-1.8305,-1.5553,0.0034988,0.50088,-0.54167,-0.056083,0.44175,-0.19831,-0.38972,0.012571,-0.76067,1.1241,2.155,1.7659,0.043694,0.22409,0.74529,1.0192,0.10027,0.82375,-0.10366
0.19955,0.86046,1.5204,0.17992,0.2314,-0.079366,-0.23444,1.2131,1.1761,2.5607,0.42242,-0.33197,-1.505,-1.3054,-1.0376,-0.14694,-0.18433,0.14041,-1.3085,-1.6952,-1.1255,-0.67206,-0.65326,1.0667,-0.27516,-0.61066,-1.1816,-0.96373,-0.89732,-0.30841
-1.4718,-1.0278,0.24426,0.8406,-0.85853,-1.2704,-1.1394,-0.41467,-0.93782,-0.4081,-1.0653,0.40443,-0.036368,0.60582,-1.164,-1.3066,-1.1665,-0.16047,0.34194,1.7594,0.26234,0.6422,0.53571,0.4055,0.80728,-0.39052,-0.90582,-0.59111,0.29923,-0.52699
-0.26738,-0.13977,0.34391,-0.38694,1.334,1.9659,-0.12996,0.45635,-0.006712,0.33157,0.10572,0.17344,-0.69649,0.59223,-1.2796,-0.51898,-0.28661,0.90758,0.41933,1.004,0.27162,-0.60397,0.61641,0.020805,0.0064074,0.2043,0.45212,0.37727,-0.10387,-0.71795
0.36051,1.3396,0.15395,-0.023085,0.80214,0.50312,0.43166,-0.33267,-0.01047,0.4975,-0.65393,1.6039,-0.14097,0.50525,-0.21803,-0.73223,-0.68568,-1.0643,-0.64788,-0.93467,0.36153,1.2946,1.3399,1.875,-0.012446,-0.82448,-1.189,-0.76209,-1.0566,-0.041988
2.1553,1.4382,0.38108,-1.3493,-1.3514,1.7069,0.37755,0.54017,1.4056,1.0257,0.13236,-0.50995,0.69294,-0.22533,-0.52429,-0.52475,1.1173,1.2743,-0.257,-0.62487,0.53562,1.1052,-1.4703,0.22487,0.44246,0.17586,0.88081,-1.2968,-1.07,-1.7499
0.4371,0.06766,0.020156,-0.73084,0.38774,-1.0658,-1.1409,-0.25834,0.65606,0.41767,0.77885,-0.56342,-1.567,-1.8309,-0.91544,0.42579,-0.30689,-0.39008,-0.98321,-1.4659,0.14434,-0.8938,1.039,-0.45739,-0.36434,-1.0076,0.33255,0.13901,1.4868,-0.48647
-0.0056943,0.72303,1.7098,1.0079,-0.41125,0.90087,1.3222,0.83204,0.40066,2.0351,-0.31771,-0.8811,-0.43843,-0.59239,-1.0169,-1.2721,0.28397,-0.33461,-0.17845,0.4855,0.85537,-0.19137,-1.3021,-0.74137,-0.45327,0.94117,-0.040623,-0.34887,-0.72975,-1.139
-0.92939,-0.70504,-1.2758,-0.16751,0.2854,-1.1744,0.72819,0.13707,0.62844,0.59032,-0.26493,0.39341,1.325,1.1937,0.13919,-0.14035,2.0058,1.9275,1.0399,-0.65408,0.5294,-0.31347,0.77993,0.59262,-1.3725,0.1066,0.71839,0.89556,-0.86801,-1.3571
1.1137,1.1374,0.24226,-0.14018,0.037134,0.29418,-0.19569,-1.4702,-1.1534,0.91841,-0.30984,-0.76618,-1.853,-1.0229,-1.1382,-0.40933,-0.052409,-0.098639,0.4418,0.22332,0.27416,-0.4822,0.72155,0.3653,0.90655,0.30839,0.16257,-1.885,-0.96374,-1.1838
-1.6069,-0.97291,-0.13261,-0.46719,-1.252,0.15935,1.7196,1.7152,0.39456,1.0443,-0.57247,-0.54568,0.93395,-0.21093,-0.3874,0.23944,0.94445,0.1238,-0.87681,-0.72983,0.7055,0.56839,1.3875,0.20197,-1.0268,-0.66369,-1.128,-0.5251,-0.20448,-0.99071
-0.61494,-1.3792,-0.81504,-0.9786,-0.31453,0.72829,0.3401,-1.5002,0.078454,1.6562,0.077009,-0.08977,0.44565,-0.16212,0.17324,1.1741,-0.98765,-0.67598,-0.8342,1.6027,0.9904,-0.065564,0.32723,0.52017,0.80165,2.0147,1.9903,2.2334,0.37919,-0.92895
-1.0087,-1.4182,-0.39914,0.23977,0.17607,-0.87454,-0.75665,0.38729,0.68395,0.13466,0.65862,-0.5434,-1.5445,-0.68287,-1.0529,-0.55263,0.34466,0.47199,0.31925,0.10601,-0.33905,0.20558,-0.067665,-0.29308,2.1787,-0.0038735,-0.51067,-0.54763,0.85711,0.72994
1.0032,0.27268,1.1934,0.91973,1.441,1.3684,0.90643,0.3086,-1.0387,-0.33689,-0.012232,0.29884,-0.019075,0.093232,-0.4709,0.26499,-1.4589,0.5512,-0.57225,-0.93135,0.033486,1.4563,1.9134,0.37879,1.0767,1.3502,1.118,1.2757,1.9524,0.88009
-0.52542,-0.64027,-1.9416,-1.45,-1.0731,-0.25948,0.93146,0.92075,0.081517,0.28367,0.34739,-0.68262,0.75445,-0.56504,0.47968,-1.0069,-1.6289,-0.24659,-0.031798,-0.18141,0.9228,-0.034219,0.71557,1.6086,1.5886,0.061399,-0.20336,0.46521,1.32,0.93835
0.81022,0.85303,-0.08319,0.05968,0.0801,0.48273,1.2692,0.99499,2.3268,1.9779,0.77453,0.68146,2.1914,1.34,1.0289,0.72044,0.020462,-0.58304,-0.47929,-1.599,-0.079886,0.44392,-0.055267,-0.44054,0.87861,0.81567,1.2981,-0.0056223,-0.72629,-0.055625
-1.0223,0.52176,0.2404,0.26288,-1.167,-0.12161,-1.151,-1.6347,-0.19428,0.47693,1.048,0.55675,0.41617,0.54456,0.50912,0.11371,0.29894,0.38526,0.60019,-0.57437,0.80112,0.98134,1.4283,1.4,1.5602,0.549,0.72376,0.85628,1.4509,2.0049
0.77371,0.64596,0.21575,0.40393,-0.51332,0.30218,-0.7495,-0.061901,0.21839,-0.018363,0.81189,0.48623,0.22769,-0.20837,-1.6262,-1.2755,-1.7253,-0.72817,0.14052,1.2109,1.3676,-0.20436,0.57805,0.45437,-0.83076,-1.6125,-1.1474,-0.059461,0.54033,1.3644
0.81234,-0.10993,0.33036,-0.29068,0.20373,-1.2279,0.026256,-1.7781,-0.96634,0.60637,-0.8153,-1.7743,0.10402,0.25888,-1.4272,0.55316,0.46669,0.37146,1.2737,1.9933,-0.65175,-0.55501,-0.85075,-0.54878,-1.1849,-2.5796,-1.5481,0.79143,2.2776,1.837
-1.8846,-2.3638,-2.1968,-2.8573,-0.88499,-0.28027,-0.45598,0.1364,0.86668,-0.45942,-1.1879,-1.1395,-0.73943,-0.89938,0.18772,-0.52573,0.64897,1.9002,1.0091,0.38795,-0.5761,-1.3115,0.02149,-0.83393,-0.22408,-0.11529,-0.96647,1.3228,-0.019857,0.50955
2.8583,1.9908,-0.10643,-0.90093,-0.28805,0.58063,-0.017621,0.31743,0.33894,-1.7061,0.49789,-0.094542,-0.59728,0.88927,0.39071,0.026011,0.42023,-0.56315,-0.1903,0.28451,0.25421,0.7298,0.48228,0.61491,1.0983,-0.57282,-0.87225,0.15656,-1.1646,-1.6212
1.0628,0.32349,-0.24478,0.41525,1.2778,-1.0217,-0.16998,0.2262,1.4103,0.38903,0.61474,-0.98678,-2.6875,-0.45978,-2.3218,-1.6354,-2.4651,-1.2721,0.55034,1.6248,0.36083,1.0032,0.87866,1.6934,0.6899,-1.2405,0.86707,0.72917,-0.069182,-1.4642
-2.5556,-1.6223,-1.3605,-0.73859,0.0044773,-0.051894,-0.27863,0.56391,-0.44622,0.61827,2.0124,1.1336,1.4521,0.16007,0.4661,-0.074672,-0.050563,-0.40264,0.5618,0.026581,-0.047219,0.54705,-0.85014,-0.41273,1.1461,1.0551,-0.037833,0.91125,2.3061,2.5914
1.2446,0.13731,-0.25852,0.053574,-0.17656,-0.18899,0.53887,-0.64575,0.25114,0.46051,1.65,1.9725,0.89431,1.3321,0.41602,-0.70503,-2.3733,-1.8252,-0.76669,-1.1881,0.39482,-0.94209,0.84227,1.4107,0.047389,0.65298,0.98176,-0.14573,-0.23515,0.70488
-0.65792,-1.739,-1.2911,-2.2681,-1.5319,-1.4614,-1.6768,0.3221,-0.21114,-0.017405,0.021964,-0.20497,0.3648,-0.41964,0.89458,-0.73717,0.062094,-0.42379,-0.57863,-0.61409,0.066752,-0.87753,-0.96177,-0.92306,-1.3786,-0.7866,-1.4357,0.47409,0.90241,0.5353
0.23775,1.3689,1.1689,0.88099,-0.40579,-0.39252,-0.069397,0.11036,1.0984,0.041574,0.45849,-0.53961,-0.58321,1.372,0.22279,-0.3683,-0.3371,-1.2031,-1.0147,-0.099287,0.14345,1.8054,0.99443,0.64734,0.90729,-0.72818,0.52533,-0.64318,-0.52139,-0.81241
0.11203,0.16832,-0.35568,1.1837,1.2689,0.88776,0.29095,0.37053,0.0047573,-0.17728,-0.050533,-0.6884,-1.7262,-0.82401,-2.9201,-1.6188,0.67419,1.2928,-1.27,-0.38453,-1.6589,-1.8409,-1.0275,0.13172,0.33699,-1.5694,0.15145,-0.043934,0.72215,-0.017981
-1.6711,-0.77899,-0.60687,-1.8577,-2.3224,-2.2181,-3.2618,-2.3383,-0.94827,-0.53405,1.0258,-0.5189,0.58098,0.57116,1.1687,-0.18771,-1.0061,-0.096327,0.051108,0.097812,-1.6138,-0.5762,1.0233,1.3163,0.072922,-0.18359,-0.69797,-0.953,-0.77413,0.11456
0.60379,0.85357,-0.67553,0.2948,1.4318,0.81799,0.3962,-0.4575,-0.26537,0.34411,-0.78366,-0.59191,-0.30025,1.0918,1.6733,2.5733,0.51089,1.3102,0.075137,1.5521,-0.033103,-0.634,0.039292,-0.44984,1.521,0.49964,0.89955,0.93629,0.81129,0.61214
-0.13138,0.1314,0.56395,-0.3377,0.11545,0.98417,1.2055,1.4726,1.3836,-0.21848,-0.81476,-0.8055,0.13685,0.034037,1.2274,0.30701,0.6648,-1.1007,-1.2206,-0.91217,-0.59451,0.668,-0.23344,-0.7614,-0.32185,1.3842,0.42114,-0.5658,0.10686,0.43772
-1.5796,0.55499,0.24454,-0.58493,0.27371,-0.2785,-0.21306,0.1856,-1.2717,-0.72299,0.26122,0.68949,0.81397,0.97455,1.3898,-0.1095,0.85071,-0.73388,-0.67289,-0.87112,-1.1489,-0.95884,-0.38663,-1.4258,-0.87783,-0.31579,-1.5101,-1.9974,-1.7236,-1.5454
0.91576,-0.077793,-0.2959,-0.48765,-0.9258,-1.3922,-0.39784,0.20538,-0.62379,-0.46384,-0.99868,-1.4399,-1.4601,-0.80493,1.3736,0.61815,0.95533,0.626,1.6763,0.14762,0.29327,-0.23372,1.2068,0.21197,2.5394,2.7121,1.6,-0.30292,-0.6322,-0.92552
0.54264,-0.82681,0.45685,-1.2874,-1.2633,-0.83055,-0.27204,-0.036299,0.77569,0.96526,-0.92215,-2.1761,-0.26461,-0.066633,0.26327,-0.14659,0.02731,-0.4732,-0.29159,0.027863,-0.008741,-1.7691,0.14425,0.64814,-0.070986,0.11651,1.3902,0.10831,0.80176,-1.2022
0.68549,1.1678,-0.16264,-1.0259,-0.25113,-0.19338,0.12637,-0.4283,-0.7974,-2.5858,-2.6683,-0.90685,-1.6962,-0.78749,-1.2827,0.23582,0.28779,1.4729,0.85781,0.57022,-0.23097,-0.67332,-0.44533,-1.514,-2.1963,-1.3838,-1.6972,-0.0070048,-0.58307,-0.32459
-1.2807,-0.33379,1.0502,0.24198,-1.7846,-1.3489,-0.33503,-0.60246,-0.031244,1.5302,0.31712,-0.19167,-1.792,-0.72409,-1.4304,-1.8672,-2.1583,-1.7403,-1.4333,-1.2483,1.7942,1.3293,0.56091,-1.7904,-3.6001,-0.37079,-0.67413,-1.1683,-1.4774,-0.082209
-0.37997,-1.5728,-1.2632,-1.1415,-1.1211,-0.55611,-0.37977,0.32012,-0.24469,-0.092723,-1.0681,-1.0651,-0.71828,-1.3302,-0.38775,-0.31985,2.0562,1.7623,-0.3042,0.24194,-0.22073,-0.10636,0.51722,-0.38154,-0.37579,-0.27147,0.25794,-0.27537,-0.12571,-0.60027
0.29879,-0.07583,0.66122,0.76885,1.3167,-0.51691,-0.75949,-0.23166,-1.7873,-0.73768,-0.5972,-0.8575,-1.4636,-2.1137,-0.5703,0.26631,-0.30452,-0.21339,0.36661,0.79913,0.12217,2.2576,1.9464,0.50841,1.5616,0.70263,-0.53856,-1.1542,-1.1173,-1.7145
-0.23512,1.8606,0.98526,0.61619,-0.95939,-2.6488,-3.4143,-2.6798,0.19041,1.4284,-0.59664,-0.637,-0.68815,-0.22947,0.52059,0.066909,-1.531,-0.53067,-1.9495,-0.4966,-0.039557,-0.9139,-0.25012,-0.952,-1.1384,-1.0113,0.65521,1.6703,1.0475,-0.54104
0.043284,2.2388,0.38126,0.4587,1.6261,1.1561,-0.60792,-1.37,-0.61234,-0.56767,0.1813,0.19848,-0.27184,0.021501,-0.20894,0.31355,-0.84852,-1.4285,-0.68059,0.41516,0.82848,-0.40233,-0.49502,-0.44118,-0.36549,0.65675,1.3735,0.11617,-0.42849,-0.61333
-1.0515,0.32704,-0.21992,0.24011,0.94536,0.40205,1.1887,0.39836,1.4327,1.4914,1.8077,0.65939,0.84946,1.8452,1.4712,2.6136,1.8408,0.16508,-0.020628,-1.4962,0.18493,-0.60303,0.25536,-0.25654,-0.39992,0.18802,0.93407,1.2237,0.28613,-0.66895
