7.03685754310717,-3.16479175768719,7.15753183423116,8.35945782664287,9.20786785512406,9.93881753979509,9.99111570461423,9.55482957028184,6.648104163505,6.26389594234755,8.42534775227992
7.32904666952217,-3.16479175768719,-3.16479175768719,8.21159577893276,4.99554373387668,6.0799819140461,6.55426025103286,5.35631155108989,5.76009590257756,6.30855169014297,7.59274649086777
7.81388611021291,-3.16479175768719,3.42302139171115,9.24041619393805,4.98401411059127,5.7948984157743,6.29550830049614,4.76390183086875,4.81264299408404,5.91363389761208,6.75635659827919
6.61241826730101,-3.16479175768719,-3.16479175768719,8.62898082527032,5.37645786324181,6.83965636765085,7.8241155024417,6.30096774379757,6.60670590748359,6.63658719872503,9.24098129724921
7.62651086388666,-3.16479175768719,4.14830363611834,8.14996797484382,5.18364519444667,5.82664057539336,6.91649665954733,8.29814457813721,7.29889756340787,6.43237120265608,8.53114905159334
6.78938890337859,7.64495409411586,5.35166542106936,9.02970662435065,6.73465917826429,8.57877352411315,8.89088236670563,7.87302715716843,6.98028665510408,7.81659767998112,8.8285011449709
7.12549747560844,-3.16479175768719,-3.16479175768719,7.4523183444385,4.56052740990261,5.62206267147162,5.93739690487928,4.88927756859246,4.38573517702205,5.49994195527295,6.23345805913445
8.1588956546426,-3.16479175768719,5.2019891157853,9.36289338993541,6.23899851979642,7.26345164226697,7.40550469902491,6.69618821383138,6.58885832225364,6.603338386075,8.14312632468542
8.97601574273023,-3.16479175768719,6.64791906990808,7.4762065621452,5.12342391395131,6.12900133849598,6.69335402233218,6.50424429922089,6.31168084562794,6.0764942775783,7.58950465818375
9.68247086222372,-3.16479175768719,5.58196513525389,8.67928642423804,7.04441573497774,8.36535480205035,8.61176912754782,8.52639381001826,5.75365234335391,6.74157595310592,9.27874674644071
7.37024154477031,-3.16479175768719,4.18627525009218,7.73362212405446,4.74339863577298,5.78722923795266,6.34194357280187,5.15509391269873,4.74751071573006,5.42759767234344,6.92138655258806
7.19382503109376,-3.16479175768719,7.71841726856225,7.17206565239674,6.73970639933812,7.9221626477823,8.24421845709797,7.5233093799117,5.91214561317619,5.17862975477496,8.77101968229087
7.70222314049513,-3.16479175768719,-3.16479175768719,8.66169094178158,5.96555415896736,6.86169084236489,7.73191402751089,6.36882807424843,6.04152522431,6.48906960909977,7.3271845842665
7.07080167604443,-3.16479175768719,-3.16479175768719,7.04295839000649,3.90878410886099,5.06838358936638,5.30533513878009,4.31076509755825,4.07717548739041,5.04980820546602,5.8275941606859
6.35894531806164,7.8814747831461,7.40152462675048,7.27419337437588,7.66668449126229,8.81071551902885,8.75753398428819,8.04446836932131,7.11589438043371,6.99214000551047,9.21175385254169
8.4225979864165,-3.16479175768719,-3.16479175768719,9.31657171455416,4.91210440263038,5.65511483653015,6.28798488248018,5.18786004365156,5.69404726725899,6.26732723577236,6.84644513951466
7.43789810283182,9.60429364106496,8.77148444061044,7.58192540590617,9.06964686119088,9.95990592447372,9.8495574738336,9.31964124133374,4.96945622402656,5.335350818716,10.5781937083083
7.7244994816217,-3.16479175768719,4.64836741883505,8.65725156167839,5.94606073378744,7.36919757752345,7.3700434542634,6.41062004405103,6.04750171722795,6.34228383880494,7.84296042459188
7.76322480871921,-3.16479175768719,-3.16479175768719,9.08604394695365,5.88793363115585,6.81522596786581,6.9735748579646,5.49268315327937,5.20833271356909,5.96473603172324,7.11758394817111
7.19359463016546,-3.16479175768719,-3.16479175768719,9.86698082343413,5.29866545945667,6.83059061894509,7.3225634933559,6.85777652200105,6.00617899246507,6.52174507095535,7.80006071243027
7.33630826367463,-3.16479175768719,-3.16479175768719,8.50134666825853,4.67375156562388,6.02238380482085,6.42131562437346,5.5184390706776,5.24737884553676,6.07767364950723,7.00744098311198
6.47705597493256,-3.16479175768719,7.38349358039315,7.73892196954587,7.4975451067687,8.70466988595812,8.55122155647743,8.14521568304747,7.38095860872208,7.63523445438048,9.23895350099613
8.93895687374526,3.66124765424764,-3.16479175768719,9.56334754566153,6.62385565325104,8.02915973097751,8.25167817285201,7.71339314918592,6.36529830313451,6.93928400469827,7.11430669741131
7.59209136813416,5.39176324416593,5.09154842345828,8.62936684278543,4.96227071945075,6.26132938718211,7.43229481254383,6.83702111858122,6.67171078737119,6.27726859448662,9.08758439750602
7.55180526564385,-3.16479175768719,-3.16479175768719,8.09126603134323,5.08102693538178,5.68984146208113,6.12393747228468,4.80858359259519,4.85572546029564,5.95517100708022,6.8634835350797
5.96814528992071,6.18417845153149,7.09003680330814,7.43118058512658,7.85581517543644,9.08247361161344,9.00035625265443,8.6820036845553,7.82612533196902,6.26946297801871,9.0803610911262
8.47104724813137,6.45464709322667,-3.16479175768719,8.37851552386262,5.02935749545882,6.26497875790303,6.90420195519798,5.78564022245508,5.16141715954936,5.90992023381799,6.4419836117796
7.77072382471174,7.59779615948368,6.71203618354489,8.76925653618917,6.41490317656717,7.31236279146027,7.76536331268502,7.13028089781539,6.88801831400614,7.10298302479616,8.8665470910088
7.32817776109513,8.27441011370917,7.23067044671181,7.75353559719875,7.81131016639175,8.58681364289366,8.85525298106516,8.3396749184425,7.21241324831889,6.41781485759092,9.0747569595126
7.34441882433069,6.83350171801549,7.06724342032796,8.05171128471717,6.44442731477871,8.19236689260081,8.26698966516939,7.8327177004376,5.93220907326805,6.24276958448368,8.57311923037189
8.98276941954488,10.2343443319485,8.80807582071739,8.18277816464703,7.85592476187615,8.87478901735296,8.88392829332543,8.28663513446464,6.65341100073799,5.97603753304336,10.0933014502649
8.07279547402489,4.86346275464904,-3.16479175768719,8.19347527447778,5.86265353735416,6.27733701571392,7.12582642658061,5.93717136993659,5.86644020640383,6.6976574118544,7.72283127489889
-3.16479175768719,6.44495381957468,6.33075067316916,-3.16479175768719,6.18603584313114,7.4665411151743,7.60574968474159,7.24273743813198,6.76916838401329,8.89843718157963,10.4154845709514
8.52558397889278,-3.16479175768719,-3.16479175768719,10.2461346291042,6.73381256845055,8.90400875141682,9.01113264354461,6.62203164487078,6.63863839230233,6.5966101792567,7.66514170496364
8.29916974770142,9.40911735832072,8.3391953881136,8.94887289035872,8.63127919452856,9.58423745465174,9.75633371544869,9.47346784896904,7.82650232684064,6.88863839072519,10.5268204786522
8.59474716266049,9.25068482273056,8.46754692582654,9.29587541129879,8.69052111042024,9.7178503213641,9.59524094881303,9.48427519020323,8.58438481926411,6.47234640686565,10.3898512730038
8.82029005145417,3.93029810900672,-3.16479175768719,9.16556483091748,4.87277293407159,5.8970157122146,6.38713162052866,5.33084126562935,4.83662264175192,5.75838819722441,6.92051134334859
8.20384536970348,-3.16479175768719,-3.16479175768719,9.47894025832669,5.71407836526866,6.63789089638283,6.79164610435092,5.79464002285967,5.08734270430535,6.07241070285707,6.83950127989031
2.66640367438758,7.18089237525545,7.1707117780441,6.88925563083981,7.76162810639426,8.98878842900616,8.79203823545772,8.35252056107475,7.61139486176485,7.59989456228424,9.4786302904111
7.06037109522298,4.31953723704798,3.71248982617128,8.70748196680072,7.59734204177035,9.30497050787578,9.10910466303889,8.81695202217196,7.85468128165295,7.29097293151551,9.31574977073921
6.96840358616513,6.06942492138326,6.9846179930621,9.33815251206068,7.1617893093461,8.51069872857235,8.7764073902479,7.57064417259314,6.5297360206553,6.36497424736658,7.77175795111687
7.24894434030332,4.9998536383683,5.30131865766466,7.81165212497277,5.36424056982066,6.54265047915354,7.00972446377262,5.83100368128473,5.92035719543261,6.25107247752838,7.87274402220836
7.97232231013213,3.70752331422023,-3.16479175768719,8.10269668603908,6.75081027695385,7.52286045213237,8.07237203906995,6.82957160678917,6.49009902648789,6.90572874895656,8.15210326634294
6.36014864255856,3.52496332722562,-3.16479175768719,9.30407712459291,7.60582013343831,9.1885571469105,9.33327025718309,7.15153401366662,6.35654848678168,6.83898118616853,8.17625068625645
6.10861655659811,9.01838255867695,6.64301415955154,7.84891515810741,6.88239105104866,8.41847902995447,8.214453506387,7.81088992057083,7.12722351338589,6.70981133122885,8.89641004759769
7.86621696277227,6.01525467453232,-3.16479175768719,-3.16479175768719,5.07872897440975,6.02219013659236,6.61108986850489,5.06674854839164,5.32835201769145,6.15217959645431,9.03834054731483
4.90415349596205,8.45808397805068,-3.16479175768719,9.88489622278278,8.54501422052664,9.74151632831455,9.92304434275411,9.29169103590189,7.38633743410651,6.01745376094266,10.1680596890133
8.27523475248037,7.15650015612565,7.34047485808158,9.09220654852595,7.31841422307573,8.75125478658445,8.71799407320378,8.55436942122933,7.88632935749835,6.56222803306617,9.04675133176118
7.34736748839398,9.451212737408,-3.16479175768719,9.10355710524342,7.50913784488649,8.56602372296137,8.77940400841896,8.43244975016958,7.58042915030904,6.66262662645219,8.9313398530146
5.79087351422268,7.85987952083146,6.41276245105672,9.09733362201044,7.56419851949676,8.97686855060753,9.17010279769082,8.83960615413236,8.07072807138116,6.57326784942755,9.11168746713649
8.30953398890276,4.43027311166746,5.6946417727717,8.08502506590251,9.06976164615923,9.71822154830831,9.84470620780894,9.6633553649491,8.97100429382691,5.601358795233,8.5008529876715
8.15739234149153,3.35628928092429,3.40596919476453,8.27015318485053,6.10153538406383,7.20925262184594,7.37868090056228,5.86339678619923,5.76101078557181,6.20836041301724,7.16668076994724
8.07718577459834,-3.16479175768719,-3.16479175768719,8.88776028533792,6.59437593346428,7.88926486376571,8.12839240833998,7.8698020991548,6.20091972768504,6.79808597972333,7.798052138084
8.58295935587878,6.84681286670066,4.22483743937633,6.90187223275141,7.89205303415457,8.99662595915859,9.1977890281777,7.96438434082733,7.73059043425179,5.65882747045023,7.57025445227705
-3.16479175768719,-3.16479175768719,-3.16479175768719,8.78952238541175,4.53193416660381,5.43922935779819,5.81906748499186,4.8898561616209,5.85875148698663,6.01823331056583,6.57289242492977
5.65490924743713,-3.16479175768719,-3.16479175768719,-3.16479175768719,7.01742517371352,8.43682832687242,8.49087236796469,8.26216627259093,7.11362085809482,7.03338572391004,8.30622490953668
9.54625625957826,8.84304241423812,7.64362999257009,7.671636845512,8.36204502369664,9.4209904470145,8.89569158097073,8.60217350024934,7.86163218503213,8.28057569305085,10.6600544902912
5.73602110140499,9.09758852773638,7.05750535605895,6.91189074912574,6.43333843959432,7.38370761515896,7.88905257931762,8.59802512209443,8.03811116659766,6.62628012065592,9.13619821977679
7.80867622003882,-3.16479175768719,-3.16479175768719,9.83292555168078,7.56026824114079,8.95265773477005,8.98630368343363,9.03617776544115,6.65425201123897,6.46416067083504,9.09438630594719
8.39379554478935,2.85976010064725,-3.16479175768719,8.4895375973485,5.40744285175489,6.40020650132017,6.62994812094242,5.34892658333285,5.44973679561765,6.07478792871185,6.94802943610689
8.7847829816269,8.14718007711693,8.32722816116239,8.37688803496703,8.46358593514584,9.49351551169727,9.12146786156988,8.71587610196053,7.93478620139947,7.64232542912065,9.45611649936428
6.33537230180122,-3.16479175768719,5.86666190273322,-3.16479175768719,4.6564054945445,5.64494228023928,6.67180440365117,8.99923217979751,7.62189861988248,6.48706086805011,6.78198438126928
6.54203487969831,3.22436695179762,-3.16479175768719,-3.16479175768719,5.05418352744805,6.24513124834654,6.5528814369423,5.19970933038835,5.02923769552709,5.78632809542783,6.6764645859042
8.88037014265767,2.74574672763196,-3.16479175768719,8.38615588893297,5.27352271297666,6.67185709632963,7.05966562112596,5.86594618452095,5.35861750513725,6.08689590411551,7.10930296849983
7.83733596094831,5.13370480870383,4.22202812683149,9.11003107783605,6.2168677866027,7.31032443787427,7.74554785018901,8.17333063996679,6.34881457757452,6.00014311144051,6.69170498629623
7.58247698680311,3.2025764736163,3.72272210493833,9.18404364141375,9.02489831500191,9.89624373986108,9.88887192014242,9.20273591161996,8.06605644418575,6.25542072227454,7.75743739420206
8.8528030877575,5.05741213383992,3.0879241838783,8.22927000269827,5.51350590326894,6.23207153901198,6.84368603001249,5.88825909152806,5.60877136239339,6.78424566201356,6.97793636679372
7.08732060168361,3.02442686509438,5.33006909654552,-3.16479175768719,4.13245693864067,5.1308593622294,5.66604515132269,4.46575102321229,4.76859744188251,5.39603613156261,6.23445453691551
8.74703133807726,-3.16479175768719,-3.16479175768719,9.25163908516803,5.87813444375997,7.14695066352341,7.01645750460253,6.42814012765066,6.14581322090457,6.08711391324575,6.58240009947275
2.55125186443403,-3.16479175768719,-3.16479175768719,-3.16479175768719,5.35751017840187,6.2407744841825,6.4881495300564,5.31764279814171,5.500522837367,6.1302474851974,6.50854038502754
4.86381799760743,5.06590549171078,4.06486118945235,-3.16479175768719,5.29545573548469,6.39922199596097,6.71655152476494,6.38167441279519,6.66352110828844,5.95086922507266,7.47085616234
7.18504652959134,6.15632157335104,6.24849890629349,-3.16479175768719,6.41111243393877,7.53133036265791,7.68853504737363,8.51137342638825,6.33686093034995,6.59300987477468,8.08585026131444
7.19825429711431,3.93346625440358,3.39010181321135,8.11294408058362,4.96932653459737,5.68194752370863,6.17575850389987,4.70158196608068,5.06525929528319,5.78324292916095,7.04620934297885
8.33731248843347,-3.16479175768719,-3.16479175768719,8.97501903019907,4.69474340997698,5.55736692266549,6.0167512110198,4.75776466670825,5.43543905608637,5.74591822853659,6.66254516761882
7.58293464330014,4.6183278006766,-3.16479175768719,-3.16479175768719,5.17263728186934,6.05915725014212,6.79802537008026,5.45783336769126,6.03858953969605,6.36439117740891,7.2599115245637
-3.16479175768719,-3.16479175768719,-3.16479175768719,8.47167124251842,4.32502672850622,5.27773624631485,5.55771323584045,4.32655934998038,5.29629410814044,5.38572796346379,6.15131662680837
2.63723702529473,5.78448246565633,-3.16479175768719,8.56666063208691,6.9481679151667,8.3703490251235,8.31713235799487,7.7645964190716,7.17592372960164,6.50967418228714,7.35137188909742
7.90679219315459,4.61084688002872,3.31477872279861,8.06891942010529,5.1264223883714,6.19826710711275,6.36924725618182,5.2376652180715,5.53959557801157,6.07732581943906,6.91396939331821
7.98954938622182,3.26238608857674,5.00791466921703,8.73723538922147,5.17380635794153,6.31017326862279,6.45765884787859,5.47712558044101,5.44937116656079,6.17882902800039,6.90740408422048
2.97829532931178,-3.16479175768719,-3.16479175768719,-3.16479175768719,5.82207104798836,7.19588545676972,7.28779724227623,6.17507227517894,5.96993079209448,6.96892488826592,7.11069054255509
8.52079549890862,3.42206432244111,-3.16479175768719,9.05237812021229,4.9012381934915,5.75061853366231,6.07234198783339,4.97239384418817,5.37450616560051,5.80538062428291,6.65508214258956
8.74811620663931,5.53376071586163,3.4880253404428,8.50583198280496,5.78077466499855,6.70471600884925,6.69823480189795,5.55097110455314,6.21866518869023,6.37867127687355,6.82998444202987
7.78069144291087,9.66232612353723,8.20154010709769,7.2139528499999,7.38558303848602,8.52825116444884,8.24072258454984,7.70159607805647,6.67370649720321,6.71745206344899,9.12887747493596
3.35654865962032,-3.16479175768719,-3.16479175768719,7.30259621726531,5.1573457686846,6.20043845227219,6.64024043271176,5.95677872599065,5.50422419622873,5.5781991350764,6.63024552607554
7.2794371787566,4.32702660830951,3.0463647800443,7.58192368607512,5.51711735664338,6.46775378421596,6.65950789460988,5.35021440841839,5.86363398525324,6.01916386405356,6.87284182523033
2.22374353209647,6.14744470962505,4.8728320181477,7.31251643070447,6.85196365309713,7.80028104090242,7.7395133640751,6.74317844415485,6.34526827572516,6.28854870039888,9.37201917906994
7.57185605615682,5.81727705661826,4.38956367345307,9.34806094870329,6.52280144848878,8.28717860526429,8.1686139424417,8.1146539685282,7.06226199999064,6.55525939089829,8.00166376342198
6.70779177373536,3.37221325169486,-3.16479175768719,8.99988864834458,8.09600091560115,9.40901231061774,9.21165514628153,9.10162386427134,8.41396274820913,6.13906882607764,7.87189962574318
6.65957502235007,5.72141756598053,6.37881220845531,6.89129538674868,7.8275137915485,9.05038797705025,8.75950903368092,8.36253831597039,7.06389225139495,7.36877281647173,7.59598383592115
2.66187987485854,-3.16479175768719,3.33565324964519,8.69407199995828,6.66193120399019,8.12780620086796,7.75096099352122,7.26441744043917,6.82885934824184,6.33908904826479,7.22304648950903
7.60067473511484,7.86513732641838,6.48134363218656,7.77474776839694,8.30204251703526,9.49912146378489,9.18047935007888,8.89869772788999,7.65455043351944,6.55075585669171,9.35241204400138
6.08320609007747,-3.16479175768719,-3.16479175768719,7.86628454848545,4.98832018648311,5.7898891090452,5.96928836417598,5.00723975711326,5.43935066996636,5.694635512456,6.86476943669767
7.34741989455053,-3.16479175768719,-3.16479175768719,-3.16479175768719,5.37409827734495,5.86522043733647,6.08446136383195,4.92884855181143,4.87357566321956,5.87506392310514,6.25147103535821
7.14117252985032,-3.16479175768719,-3.16479175768719,9.10097870950674,5.09862623837537,6.13246295735028,6.12898745907214,5.11853471041643,5.29037614988762,5.70804896555962,7.13547378282366
7.95954703727802,-3.16479175768719,7.11950322229313,8.62984033399003,6.36731991192046,7.85164396801355,7.70992012870431,6.87601096011603,6.32206240311311,6.49864785850035,7.69508067983099
4.30635496606462,9.39688701301783,8.39807900932743,6.7633782311469,7.74826550109871,9.05692069303599,8.45121139053134,7.87912258891247,7.2054727192654,7.0532102107152,9.18050731089512
8.48117074333241,5.03046146098466,-3.16479175768719,8.46484018373084,5.16700110385353,6.22405668362008,6.490296255675,5.26049957208397,5.8923135805662,5.86314941979968,6.88821044470848
8.24749006580375,5.01079800819093,4.27143586575082,-3.16479175768719,5.65020238684678,6.16244981214226,6.93247167177756,5.41949438235455,5.58120550230053,6.18007503497112,7.58252315412258
7.42104971133077,5.86198643284089,6.86587687186287,8.45142342535429,6.8396872063797,8.20164742434386,8.45618419906391,8.47805609790274,7.74215685027064,6.38701498524379,8.49398582073784
7.8978489649253,4.6460034626847,2.92513002539343,8.94942000466729,5.94391290872375,7.49012221755314,7.50309254951386,5.94495933286355,5.96047212197254,6.24621602676039,6.91897961378911
5.65744340953766,8.95898265162962,8.02070294174998,6.7742205055519,7.14026093748682,8.42641161622553,7.9083671311483,7.43444763396913,6.73974758562415,6.92623694988573,8.05337182597527
2.05923356355761,5.41024496945805,3.99513841269067,8.10143744100753,7.59633881343219,8.78860022254983,8.58160040699611,7.97455463294997,7.31823643300437,6.83992514889219,9.00483407311748
7.64789952134963,-3.16479175768719,-3.16479175768719,7.45922026664042,5.36079107727478,6.47052508765097,6.3487143925092,5.48939646554778,5.60936899539575,6.04697767216065,7.12776031510605
7.49231388653107,8.09488261273083,7.76171027609574,8.52180678142409,7.87441827218308,9.11107088903536,8.83155827225702,8.26312918347478,7.60357474530385,7.64889070797731,9.50983691145163
7.43358026457692,4.73569784943153,2.87258631767611,8.22058985590602,5.92183278085694,7.04486250070256,6.78764861342506,5.53276914734373,5.22318495067715,6.06574407142079,7.05951502766729
6.95645929753638,5.65987874026927,5.5917000512155,8.82408517613158,5.89675805607192,7.29608197254545,7.15504459837012,6.0132561091321,5.89877279163665,6.1534058096008,7.15079145354277
6.90536276961273,9.47123223530063,7.09176960556587,3.46153621864599,8.58251528629221,9.93364060293454,9.95362183202532,9.27033372446641,8.18256346556906,6.35530290137368,9.60385731486177
6.67542505713198,-3.16479175768719,-3.16479175768719,7.95211476806879,4.92777038497819,5.3479057687074,5.74209688300856,4.82891721117531,4.44449478825855,5.82469502722514,6.25999969093622
7.35497890485573,-3.16479175768719,-3.16479175768719,-3.16479175768719,4.66698356918295,5.37626789390709,6.0024691982078,4.56400715311253,5.40257237996338,5.90946210732995,6.79792101959492
6.61942591641664,3.73976061871267,4.36461724600369,3.07817376860443,7.52902646352157,8.40464069893763,9.29464027599322,8.61962375970728,6.96563808521988,6.05193581646065,7.37689869835342
7.16084747809164,5.89082667994758,4.42195038177068,9.35339983936087,7.31515231571385,8.75134353663688,9.03203838292495,8.483626111247,7.77906821377174,7.07568884916912,9.31668469024149
7.18177315632891,-3.16479175768719,-3.16479175768719,-3.16479175768719,5.11953687338141,6.60632285641545,6.91915041214027,5.57913695895454,5.23260625739777,6.52624587440379,6.8714306906399
7.52653521193323,8.19283660811976,7.6904915253937,6.38815711408295,8.8461655268135,9.58610572091551,9.82765302358682,9.06602163477336,8.30902830666887,7.12090918270229,10.8029317640973
8.38085007703287,5.91337654548036,7.36461970825681,7.64598033836557,8.70568183143341,9.33974968599608,9.64425196619698,8.50291668798451,7.43298037987113,6.2065143609185,8.83987037011988
7.82303413508263,-3.16479175768719,-3.16479175768719,7.47572110582226,6.77015671151806,7.62751249854861,8.50059605152742,7.605594275241,7.04089968148564,6.09446926019068,6.99129836180358
7.52893481064615,-3.16479175768719,-3.16479175768719,7.50855613572408,5.55899160834676,6.45654422922364,7.22606590095196,5.64184136877977,5.82550301334821,6.08563529982993,7.45851139567891
7.86267556200005,3.72468596738924,3.37740900418629,8.41842342012048,5.14800967372789,5.70991576154031,6.5501274589154,5.31457938327354,6.28970884083069,6.09445611098897,7.3466342809469
6.5216468066719,-3.16479175768719,4.63709539481752,6.64893356880298,5.08000070391552,5.95411219334379,6.37528201996907,5.38211209136297,5.22626102259593,6.31589928339346,7.08353123751226
7.70020586126716,4.79606225000407,4.33508798884226,8.54857761764805,5.72213104663333,6.04644940992696,6.87601302782097,5.69055312914896,6.32323927501261,6.78153689290823,7.67889725043403
6.85116077058821,8.42398714029971,5.95744397455649,8.37306364445708,7.9687092758408,8.91672834591855,8.91447645049701,8.408053087215,7.37741971820944,6.27288356482655,9.42310538974754
6.59169338174701,3.64473620031301,4.3893034675626,8.45350472509301,5.15081313374227,5.63438694747147,6.03091843475667,6.26299487571827,5.84234294279654,6.24447475948394,6.76115536897338
7.57341258355586,7.17210237710427,8.16274609141783,7.0817783114058,7.78175885225717,8.71968061932927,8.82459693538737,8.27411195276565,6.8880517909115,6.34632279325012,9.16738298579582
4.75094869508072,9.19186619468543,8.41273091555356,8.08354364862661,8.10962955694106,9.13649413156772,9.16370476538472,8.52599175190977,7.77872362056274,6.11073597566901,9.28302618176481
7.45474023966741,3.89709813436906,-3.16479175768719,8.40146678956297,4.90256411457308,5.60273824633931,6.27387950821303,5.10693676059535,5.90562077474814,6.27132823253161,7.15687978880771
7.28497622903861,-3.16479175768719,-3.16479175768719,9.34683993858577,5.06652134408377,6.21352449013073,6.67847711233419,5.50701653381843,5.5502002038095,6.45112942233341,6.77579736356425
7.80913697668202,3.69174261261097,5.23333394859188,8.7880473338944,7.62831487936953,8.80724008307761,9.02262369148005,8.16114438027259,6.83222718789053,6.41615716275089,7.70516016918283
8.0193719568486,-3.16479175768719,-3.16479175768719,8.5206648829154,5.36844527184034,5.84625173328905,6.49386710650788,4.79903721573582,5.1518506782637,5.80112016343197,6.67752001883873
7.31118972669437,7.92105909298997,5.93326826021702,8.17620348754756,7.85272118553241,9.34851870371035,9.41211295177711,7.83234894986078,6.48826111144737,6.24776227382846,8.39551679947477
6.23257946370664,5.6823247461153,7.04244271038626,9.1317346668614,7.75186608854243,9.45503967101177,9.35706080864586,9.314156212237,8.48795825358895,6.37148322784963,8.37846856859907
7.14649675412499,-3.16479175768719,3.01644777474026,8.15439675301763,6.05654974340083,7.93029884915583,7.94547352904437,6.77910548747394,6.40750529349417,6.47693619438946,7.62871212225099
3.68346184860488,3.58850840229808,3.38032144437483,8.61466599125303,4.73968260499883,6.55685647867458,6.72731595635353,5.52896515094124,5.47035110937697,6.27906740267219,7.17356594393689
7.28934954337205,5.20053085115408,-3.16479175768719,7.43184484050731,5.36640391738381,6.72288462580085,7.03194297428291,6.05692063972618,5.84881744897078,6.22804602588055,7.86115216182103
7.54755155657125,-3.16479175768719,-3.16479175768719,9.32667222094812,5.13441978420383,6.25961377979515,6.49308700924884,5.08332806007986,5.11404476590523,6.55906886587985,7.95384184255291
8.85531871988271,4.7461842180847,3.13515800158936,7.74411573616193,5.94312505174711,7.488331677274,7.62806029341496,6.52705738653512,5.69879085991687,5.85992763703729,7.11088994174578
7.90790069171917,3.87607726471756,-3.16479175768719,8.55129976056107,5.86992550620571,7.73199616191251,7.74300098606407,6.75293566565208,5.8619096824628,6.95389784611958,7.68951539322985
3.0389628508685,4.9992602171876,2.41742784491636,8.99160878486863,6.09893678179187,7.82021130455931,7.85031114053966,7.24889618396276,6.44712232826718,6.01854690904459,7.65714271606013
7.38929380724696,5.65559524828324,4.60632089966309,8.12407071478229,8.57974337368007,9.9120144534667,9.48361017659033,9.0693308557543,8.34343627468095,6.5763257592652,9.37184664185724
9.51091146374694,6.0277057796196,4.57280016282023,7.96329132519347,7.58520034302865,8.95383776422293,9.13689258213108,8.12768700567295,7.71555546353401,6.34969506261765,7.71611448319996
8.22468515162761,6.05452915960692,4.63989796331201,8.26094008540358,5.73882137962257,6.48818042143588,6.64147545453519,5.652815526661,5.57986242323255,6.48480226977588,7.8793871947336
7.63271210392129,5.65053349407273,3.2147521947802,8.37747959135257,4.69626308737985,5.77790522158173,6.15417697357151,4.82512678516083,5.22321623560612,5.59574165500552,6.67939835751389
1.12542700929443,3.88994602009538,3.86879165323535,8.12886542511967,6.48404525796853,8.20541168886656,8.23847293155942,7.04842066877792,6.35189597813105,7.09745254738391,7.98681293396111
7.73629927774043,1.88352629299694,-3.16479175768719,9.1268485033718,5.14611229878953,6.48352434370874,6.80596312735605,5.14331137996688,5.49334467195182,6.38502629599906,6.84125685256434
8.52901366236778,9.11311560220363,7.86765520705471,8.65160614262878,8.67612721109656,9.69614822212769,9.7133575885239,9.06494437787619,7.58547865434576,7.07422193768291,10.709990364915
7.036403130633,9.83424801598699,8.0267151686435,8.70204196111582,9.44913398216493,10.2266352102876,10.1327247923601,9.60376939076184,8.8941358418576,9.05501840632809,10.356042179854
7.69080933457007,4.04374364878528,-3.16479175768719,8.97334680381662,6.27911472261356,6.97777887735425,7.4547745896536,5.70137164326947,5.94841200191442,6.7614821899334,7.44602942146024
2.79310689433056,-3.16479175768719,-3.16479175768719,8.39682819025387,4.86821086855635,5.44596657683546,6.05154159362066,4.87133024116455,5.13176449693744,6.04022149334475,7.02053634830344
1.90182950357305,8.0176878656104,6.56036839699854,8.02419416741877,5.3320535942918,6.29548461315122,6.87452573600974,5.88536123592363,5.79072963533401,6.87647364071351,8.16292857715479
1.90842505929312,4.78923966261307,2.42805134941629,8.11695151759124,7.61340354929346,8.26178514194687,8.40967645367037,7.50755955777674,6.88244532727468,7.79901134432214,8.75747847219161
7.3732120657385,5.57054576851211,5.50031671359799,7.38546864170752,5.76830234624487,6.70764087466137,7.56821411835299,6.30274647878821,6.00198366419139,6.19473738537623,8.50653252955372
8.25021047610437,5.58990042773957,6.42143854377582,9.65357634720581,8.45387616011611,9.44689160921163,9.68890552158945,8.98401025143883,7.77811032618109,6.93325180249585,9.52213944699642
6.82860403571943,3.68016331544967,4.39211044461337,8.39931253757035,5.15640461626793,5.95232609037155,6.12619583803527,5.08718955250751,5.46761003056787,5.94618989666004,6.33521541315621
7.22314040054873,4.32510192728716,-3.16479175768719,9.36532365366572,6.90772792230795,8.3222781639835,9.07964523371977,7.70527714277677,5.86154164689363,6.36588014604627,7.24312120815659
7.7276662516558,8.05185807934595,7.77193695603719,8.19128497840917,7.18531988908506,7.86631519385397,8.10132733030808,7.1529078616918,6.56669157265799,6.78693652931758,9.5689518505208
8.62305882192208,6.33912830032212,6.49218999286928,7.75801436147735,5.35268128227384,6.24543764186207,7.63618643775905,4.73615393424586,4.6349995729775,6.85340956438064,8.13872122589282
1.76764070825335,4.935954463942,-3.16479175768719,8.71450148758064,5.8686309973933,6.70112216001488,7.27416717873397,6.01925721151966,6.10854614036671,6.22175755504111,8.8401511697112
7.74843129052745,5.29650157649864,2.5493514212187,7.87929635789402,6.83774438480731,7.72947635411707,8.24961358313513,7.09731919231813,6.71339547489891,6.7528309041801,9.00141970532733
1.66213562911881,2.74953758124435,-3.16479175768719,7.80702561176328,4.50503947525158,5.10498652516527,5.67966274595318,4.6107812713637,5.47094521749114,6.18724697105121,7.05050342689965
5.84759484758875,8.61832844919082,8.02634938934767,8.87150232426955,7.7952395506465,8.53738451257293,8.46023424803368,8.03521397736553,7.20680401421137,7.55537873073432,9.1054735325513
8.47154046454912,7.71328253970832,5.70140404209325,7.32054013822829,6.81819319464808,7.51082045846249,7.95433161159286,6.96858444928887,6.05183269627341,6.45816452154062,8.15108049798064
8.27677330926504,6.29284440569032,4.87626043728438,8.87134158268711,6.75422074454831,7.36653693804653,7.76829250068863,6.41767617024345,6.11531036711122,6.67820383339581,8.7759040466116
6.49806107579446,4.72627821394808,3.78032148430995,9.21239127543519,7.36742370288877,8.59430688830729,8.80884647834739,8.28327841290313,7.69680058420023,6.56822673910063,8.73388172908468
8.72783943082504,6.80579857610858,5.66184238898549,7.70485663937309,6.84792749649865,7.20167704822347,7.71192194722117,6.95385379916394,6.688710317711,6.38620057442094,9.84690904175519
8.36692559096839,-3.16479175768719,-3.16479175768719,8.1740659503755,5.01560232196406,5.69713472290349,5.93739995912591,4.81549747312668,4.83247503348706,5.87482077902103,6.03282190533551
7.84182727382633,6.95678201326189,6.26513393030572,6.92440222548837,6.19381278861172,6.82799234679279,7.44117461193713,7.09695362635757,6.64923584241193,6.89700253973344,8.86023365109834
2.39968196571156,-3.16479175768719,-3.16479175768719,8.34963309396838,5.62145179771491,6.6400092722435,6.97041887573447,5.34298901268184,4.7042782392777,5.98448845994619,6.60435821935041
6.93633988160257,6.72234819997667,5.27195271902351,7.32815489015668,6.57856680799799,6.85228130096564,8.09768488871438,6.94343941793796,6.39204741294345,5.76070293503932,8.38796215886031
1.90787341020205,5.69372806606713,5.40471842994824,6.61698804109794,6.57209205336326,7.05421019423059,7.55670019950199,5.76363204513911,5.93225660276747,6.04915349015076,8.0529995188383
2.77552265155689,8.35318982162312,7.0730765988135,7.4952923116176,8.3178020559679,9.3751644357593,9.2061498475806,8.93891470220921,6.91460388366021,7.85171522467774,9.33112814842973
5.98679767744248,-3.16479175768719,-3.16479175768719,7.46972851110398,7.55871153940806,8.73826502604664,8.91831265661437,8.93549850992427,7.94454545045567,6.1439942767622,7.34973106088909
7.33519564010675,8.54128494606421,7.64280354603312,7.85551082540469,7.3989207743305,8.61077248391722,8.60508489973384,8.02857249404204,7.22613263627517,6.16267682351571,8.99550355526339
6.30057632355139,-3.16479175768719,4.49801123199797,7.53971354938868,4.86914303829186,5.60210360120669,6.00894945478159,4.7787658770737,4.63824308906267,5.11622680367293,6.39035064289698
8.85696253645394,8.78538071620543,6.69444723076527,7.90667797372893,7.33115492615123,8.05527148820632,8.43867052822285,8.53812960259924,7.43471354564709,6.35135740841756,9.39509338953881
6.97688493937973,3.24134298502404,-3.16479175768719,8.45076056847987,7.78446205298564,8.69669575391009,9.04515300265166,8.92481028048484,7.97623341729438,6.89784267677423,7.87823489946164
5.67708432606393,10.9784686516176,9.80583644068717,7.68338304824429,8.88312877024433,9.4842425845071,9.29267410708717,8.82500236748665,8.13971990624555,8.59485796524479,9.84151523401557
7.89909548982477,8.37671060253775,6.7379863379017,9.06640365813179,9.45464554986585,10.3381215221439,10.3622180022845,9.99645906478809,8.81291536947141,6.88558230972778,10.6888295659242
6.1772948151274,7.83651982277396,7.68355202778471,7.21138309979019,7.36335015073842,8.11406152251999,8.21435126851302,7.48691831650959,6.80648860809492,6.99995524982433,10.3709489821915
8.69559710542584,5.9244101376425,5.30669868744562,8.63182534095166,5.04089658804404,5.54801116437209,6.40711714820818,5.68178296016953,5.91304018801417,5.9780807158728,7.96821456722215
9.34156103078549,6.9720175747855,5.63109480867203,9.76401079376726,8.23043551477896,9.05498522333417,9.44682857957082,8.0376161220387,6.17339612703751,6.43919817517384,7.63442140713416
7.11293715122265,5.94222826719372,5.7040063902519,7.24181502932564,4.50712521679388,5.94617684980923,6.94209834167748,7.01245220061014,6.38438323046046,5.3395186008278,8.17169523077679
8.30414843047909,2.85952701619433,3.94132403483748,8.62903941001942,6.21842499519498,7.14903397949588,7.73103735503261,8.01403846792085,7.11078305226159,6.1911540643267,7.4971579241512
8.9896329522573,4.8534281894912,5.13444246166044,9.65935265711929,7.0133987073164,8.38735595009056,8.70832590421238,6.93532937707841,6.25916738178637,6.65804880382286,7.4555883089205
8.00338672568522,4.32312498342519,2.58387247366681,8.49364630079072,4.9753273262947,5.78370844013102,6.34017446036661,4.87441180483871,4.79247493270816,5.90950682884658,6.68427027612999
8.91859108922664,6.45052095104135,4.56263218716176,7.88837300824929,6.89472421689189,7.65777033479089,7.87198228446969,7.12891829994023,6.70302843546237,6.34332355677906,8.38030478105058
4.90046528244301,5.52560290318542,5.4294263682388,8.33675113373674,7.3329389677174,7.89509682987585,8.40805342225665,7.72757748138396,7.17136496220901,5.79510724598731,8.21343560333444
7.10223328910633,9.88545836203091,8.19140271765093,7.67378899447355,8.83266234190166,9.60385352585235,9.33644512059804,8.73650243604283,8.00232553027926,7.66279201886998,8.89387646096439
7.21503917254047,2.92399701981475,-3.16479175768719,8.12918210419786,4.91800041847226,5.20287043519364,6.33422561394653,4.78266578237858,5.29044564115196,5.56315796390922,6.66538837825042
9.18306488611863,9.04922617584893,6.81554870016192,7.72629267730089,8.07162422930068,9.02053765338499,9.29395808692002,7.87900709529078,6.46034271450907,7.16280318559575,9.75216994626345
2.69100236296768,5.64294031001237,3.98614870411047,8.24192888635913,5.20935773366707,5.84295183598264,6.89166767077322,4.71315122577135,4.80835658105914,6.13819486516392,7.43701770125409
3.97389645917633,4.90157781084516,4.57182805501436,8.48795669879137,6.9442569122475,7.74076807480389,8.10087926329638,7.16449750088151,6.73681034478965,6.65556885510927,8.31614233828109
9.01900992798428,7.8722775870445,6.7121553692831,8.84148332490073,5.68617856542691,5.9665484445831,6.78519763303094,5.24581112525878,5.77207550940343,6.40397171891288,7.50759696261764
8.57200914551612,3.58269200247211,5.01234377514434,8.87203134392595,5.39482219928847,5.67901314153122,6.55677350699856,4.87453530029554,5.54477264771666,6.42475012591348,7.45284073915217
5.61916144795618,3.96833717107975,-3.16479175768719,6.89729478266069,6.92258060277369,7.61665806308553,7.98955185472066,8.36641018600254,7.93489971162857,8.65465924407852,9.39923747324755
8.03674872228224,-3.16479175768719,-3.16479175768719,9.75334991168582,7.08287854177659,8.44565211479627,8.67097797636927,8.26237317556562,7.57814829492188,6.806136206389,7.83093964625741
7.68012064585282,10.2868976337396,9.22825143786815,8.82507071223519,8.66442856220122,9.30389219860142,9.34367124799859,8.90256686832839,7.89325355188675,8.24765964618061,9.24167476003862
7.71229615252979,-3.16479175768719,-3.16479175768719,8.73040450850873,4.39074458603851,5.50811740545035,6.08834049568363,4.82767579065761,4.3570624615893,5.12734101899507,5.63754612902998
9.4900861489308,8.14955096003923,7.87765310923363,8.74384218013925,8.2747437713209,9.07807662457841,9.33086058702571,8.30022590117409,7.2977356753647,7.34483394096078,9.65653925887371
8.81958207540348,4.41818191560532,3.16466814884573,7.88939208758306,4.97259303392109,5.10992981314134,7.1410186541115,5.66204512834318,5.79509845857287,5.89813087866753,9.30089619407547
2.71144119982841,4.41757565157069,3.50790852670933,8.54063074924257,6.94772114328748,7.83327462668235,8.31451854856988,7.92208420732806,6.98863305911636,6.42863869823926,8.05792579117431
7.31346801309512,8.51042753851469,7.8903310595513,8.52124359424847,7.85545327528896,8.80670384155035,8.93276525032325,8.32939284928995,6.84020872913904,7.36476473152882,8.85330799259358
7.84938820169332,5.48324570689417,4.8098474448089,8.48856732830761,7.34614808234394,8.48120992696201,8.71065803684315,7.37296254906532,6.53198790632793,6.26487493387097,9.2651320083734
2.89446494713349,7.66350278906795,7.14835362987526,8.72401169970896,7.93544849258086,9.3646717634741,9.54113696039167,9.05081300435054,8.33761168644926,6.76235894996042,8.94284922919923
9.05932253044904,8.53883380289789,7.35069223790058,8.40398627219944,7.50110615380541,8.62941409675438,8.22701649450799,7.61971355523715,6.82722896794968,7.27685130252333,9.92265759596979
2.04459167959477,3.84878507367741,2.36967111867221,8.73360873975147,5.15364681290314,6.50747458270627,6.9014148472597,5.64749473754959,5.47302158914286,6.51453769185739,6.75183069690353
2.62371369654034,7.59577184994479,6.79243927179449,8.00252776436563,6.75668167026204,7.80211444461694,7.82809800961001,7.01871306127563,7.04746705749041,7.16645001047976,8.87282559171516
1.93255533474651,3.47403989062164,2.69704287144925,8.36783877109202,5.34069051468724,6.07558376811435,6.4716544496673,5.4620602783238,5.5093231017067,6.06871660955071,7.19560697029782
2.09711761718729,9.67796443166561,8.2359548105205,9.40020267821927,8.29869753065463,9.33287873379233,8.8865167269431,8.81523228671376,7.69400920493044,8.49024506503098,9.80342582016418
9.44591787393967,-3.16479175768719,-3.16479175768719,8.32902082428351,5.20838072897077,5.61658845335175,6.75615306169722,4.81636250174178,4.63675596746995,6.37531072477962,6.66080689046335
2.79194664772959,2.9027946027232,3.44571992740896,8.70754919525953,5.00730340484629,5.39352882147922,6.01998705189915,4.83281035634057,5.72739774126408,5.87039556560875,6.6156156731402
8.97566211410447,5.76148327741372,3.27648510756262,8.02726246062532,5.45218157077365,6.02644283904908,6.74857939386757,4.96946155647165,5.27087962540016,6.07526513080485,8.32347327422819
7.86735691392042,10.1028986522678,8.26975656254315,8.48016529789168,8.34497043191911,9.18984108741867,9.13027361566348,8.8911460141739,6.98595915303694,6.4702859141781,9.21384363936285
7.38816921743319,-3.16479175768719,-3.16479175768719,8.28856100632147,6.03916265091078,7.7658463653816,8.05726343929251,7.69529636605986,7.25335703231157,6.39300160317787,7.69963485098546
2.06969547354737,10.0305099367647,8.39099605894594,7.25524897415024,8.18557190986413,8.90699935421183,8.72044140123244,8.06611654314149,7.22507122270237,4.84355044605081,9.26309349135055
8.8767259317621,-3.16479175768719,-3.16479175768719,9.1596721478757,6.24054576234609,7.35694514882237,7.48330981382288,7.57186384820279,5.99250480834859,6.56194583144611,7.35974573452916
8.08102495618048,9.27244926865267,8.36549469798748,8.00834146024184,7.88452295569843,9.13692503758584,9.22467288110464,8.67907277298468,8.09070973906142,6.42266766005537,9.11243920749816
7.92071402838159,-3.16479175768719,-3.16479175768719,8.27858928407034,5.56599816470963,5.96074180619005,6.28648883031671,5.22538845364608,5.30398687248339,6.21219557502647,6.89189683107802
7.13315660041414,6.45769257946836,5.03203205596681,8.68296843859213,4.73613260236704,5.33265658408404,6.17893586318365,4.54969612626228,5.34447033494297,5.88957786265018,7.21781591917433
8.33833794705385,6.28962111431453,7.06188973324919,8.78228226667428,6.99000843289525,7.67260970278659,7.85368169480256,6.99784632275948,6.61546719981566,7.1890000571928,8.93288993087488
7.81565122866572,3.05811402553616,-3.16479175768719,9.57665603468479,4.48568010078885,5.6732904656026,6.05621294926587,5.49263373172036,5.24801062956318,6.14707659140756,6.24171620540443
8.01350825945203,-3.16479175768719,-3.16479175768719,8.8362347271983,5.59281332925752,6.49081449288464,6.8665761021382,5.17811611154219,4.63500450755225,5.80936623549297,6.26578018964494
8.44617651284111,8.84320654712462,7.09740057411369,8.35333593169513,6.23201111522913,6.97148493307494,7.34558763031653,7.16678008597094,5.97727658022476,5.99054985015024,7.65847268071664
